{"mean":{"confidence_interval":{"confidence_level":0.95,"lower_bound":11263981.583600003,"upper_bound":11317135.101650001},"point_estimate":11289513.506000001,"standard_error":13572.505580615742},"median":{"confidence_interval":{"confidence_level":0.95,"lower_bound":11220359.8,"upper_bound":11290699.0},"point_estimate":11247154.6,"standard_error":19632.34076579688},"median_abs_dev":{"confidence_interval":{"confidence_level":0.95,"lower_bound":76969.77067351397,"upper_bound":146359.8972415916},"point_estimate":111492.85236060675,"standard_error":16740.692108478735},"slope":null,"std_dev":{"confidence_interval":{"confidence_level":0.95,"lower_bound":107132.26466137469,"upper_bound":164330.62727567842},"point_estimate":136747.93549760128,"standard_error":14610.412789233553}}