{"mean":{"confidence_interval":{"confidence_level":0.95,"lower_bound":-0.014546409177869864,"upper_bound":-0.009199416854660176},"point_estimate":-0.011924685821179781,"standard_error":0.00135822797942857},"median":{"confidence_interval":{"confidence_level":0.95,"lower_bound":-0.013139252597218267,"upper_bound":-0.009248848233692875},"point_estimate":-0.01048232437553609,"standard_error":0.0009927991436888535}}