{"mean":{"confidence_interval":{"confidence_level":0.95,"lower_bound":-0.0017664086500171923,"upper_bound":0.01203797504421821},"point_estimate":0.005334047576860845,"standard_error":0.003521139225338022},"median":{"confidence_interval":{"confidence_level":0.95,"lower_bound":-0.009826218983572652,"upper_bound":0.028050412372978117},"point_estimate":0.02143440590588286,"standard_error":0.010142858972100535}}