{"mean":{"confidence_interval":{"confidence_level":0.95,"lower_bound":-0.010764700471588262,"upper_bound":-0.0019972466316014637},"point_estimate":-0.006475354317226234,"standard_error":0.002239586351016753},"median":{"confidence_interval":{"confidence_level":0.95,"lower_bound":-0.00946849000141603,"upper_bound":-0.002474955947058044},"point_estimate":-0.00538194833500194,"standard_error":0.001672549504802131}}