{"mean":{"confidence_interval":{"confidence_level":0.95,"lower_bound":10564255.778000003,"upper_bound":10598461.370000003},"point_estimate":10580929.742,"standard_error":8699.835403503757},"median":{"confidence_interval":{"confidence_level":0.95,"lower_bound":10542289.5,"upper_bound":10610999.5},"point_estimate":10563585.0,"standard_error":18617.675271638327},"median_abs_dev":{"confidence_interval":{"confidence_level":0.95,"lower_bound":71712.47116684692,"upper_bound":114843.52830112036},"point_estimate":96240.16035139505,"standard_error":10055.997222830603},"slope":null,"std_dev":{"confidence_interval":{"confidence_level":0.95,"lower_bound":72426.5398888943,"upper_bound":102422.77276365882},"point_estimate":87138.20180832825,"standard_error":7790.285577667417}}