{"mean":{"confidence_interval":{"confidence_level":0.95,"lower_bound":5090965.624285714,"upper_bound":5585066.265250002},"point_estimate":5305713.148571431,"standard_error":127016.74169847532},"median":{"confidence_interval":{"confidence_level":0.95,"lower_bound":4989084.428571428,"upper_bound":5132976.214285715},"point_estimate":5084646.357142856,"standard_error":35535.89340035648},"median_abs_dev":{"confidence_interval":{"confidence_level":0.95,"lower_bound":222638.8610473703,"upper_bound":379160.85856854916},"point_estimate":311505.6916696682,"standard_error":39638.88716527801},"slope":null,"std_dev":{"confidence_interval":{"confidence_level":0.95,"lower_bound":589225.8024398522,"upper_bound":1788227.3336111512},"point_estimate":1267382.8156482496,"standard_error":310237.5294263174}}