{"mean":{"confidence_interval":{"confidence_level":0.95,"lower_bound":-0.06687748532786308,"upper_bound":-0.049314995285504426},"point_estimate":-0.05818986004737792,"standard_error":0.00557214385249616},"median":{"confidence_interval":{"confidence_level":0.95,"lower_bound":-0.06703376284371199,"upper_bound":-0.048567781996995296},"point_estimate":-0.05785803203675011,"standard_error":0.005601644437302472}}