{"mean":{"confidence_interval":{"confidence_level":0.95,"lower_bound":-0.04126485109816347,"upper_bound":-0.036518926348799385},"point_estimate":-0.038891730256732315,"standard_error":0.0012406743857255955},"median":{"confidence_interval":{"confidence_level":0.95,"lower_bound":-0.0429183699842377,"upper_bound":-0.040445331450230104},"point_estimate":-0.04192601393390505,"standard_error":0.0006305646248849904}}