{"mean":{"confidence_interval":{"confidence_level":0.95,"lower_bound":47034692.045125,"upper_bound":47416749.47425},"point_estimate":47209892.565,"standard_error":97956.14858103835},"median":{"confidence_interval":{"confidence_level":0.95,"lower_bound":46774874.5,"upper_bound":46930494.75},"point_estimate":46863341.25,"standard_error":37065.72376723542},"median_abs_dev":{"confidence_interval":{"confidence_level":0.95,"lower_bound":156407.996173203,"upper_bound":361133.9254885912},"point_estimate":254470.86493223906,"standard_error":53826.542574617866},"slope":null,"std_dev":{"confidence_interval":{"confidence_level":0.95,"lower_bound":579222.5079977901,"upper_bound":1384318.051146714},"point_estimate":988310.0639023564,"standard_error":214070.7053389114}}