{"mean":{"confidence_interval":{"confidence_level":0.95,"lower_bound":5378905.8042250015,"upper_bound":5440986.929175001},"point_estimate":5409440.65,"standard_error":15846.218614989202},"median":{"confidence_interval":{"confidence_level":0.95,"lower_bound":5324253.199999999,"upper_bound":5447169.949999999},"point_estimate":5413651.95,"standard_error":39424.76192932307},"median_abs_dev":{"confidence_interval":{"confidence_level":0.95,"lower_bound":143917.8901456962,"upper_bound":230861.2757813928},"point_estimate":204326.81340247366,"standard_error":25344.814159906906},"slope":null,"std_dev":{"confidence_interval":{"confidence_level":0.95,"lower_bound":137906.51772931157,"upper_bound":180654.24579090474},"point_estimate":159608.3919558005,"standard_error":10946.844973005753}}