{"mean":{"confidence_interval":{"confidence_level":0.95,"lower_bound":-0.032167737487958786,"upper_bound":-0.027322245265881},"point_estimate":-0.029949110098790088,"standard_error":0.0012476804225378536},"median":{"confidence_interval":{"confidence_level":0.95,"lower_bound":-0.03441329442726826,"upper_bound":-0.028928642682032213},"point_estimate":-0.03173747815298533,"standard_error":0.0014592801799699305}}