{"mean":{"confidence_interval":{"confidence_level":0.95,"lower_bound":0.0009606688091331085,"upper_bound":0.021418071561281764},"point_estimate":0.010865230601650788,"standard_error":0.005193495740472189},"median":{"confidence_interval":{"confidence_level":0.95,"lower_bound":-0.003900826180262551,"upper_bound":0.012565818755542413},"point_estimate":0.005639150918734126,"standard_error":0.004151947920137294}}