{"mean":{"confidence_interval":{"confidence_level":0.95,"lower_bound":0.06000821509713,"upper_bound":0.06915100084052282},"point_estimate":0.06459094812843791,"standard_error":0.00233408889861182},"median":{"confidence_interval":{"confidence_level":0.95,"lower_bound":0.05798818691675289,"upper_bound":0.0668072805059503},"point_estimate":0.060793774237355214,"standard_error":0.002311445131734833}}