{"mean":{"confidence_interval":{"confidence_level":0.95,"lower_bound":127865004.536,"upper_bound":128462123.17},"point_estimate":128151665.01,"standard_error":152575.78632366288},"median":{"confidence_interval":{"confidence_level":0.95,"lower_bound":127430661.0,"upper_bound":127982737.0},"point_estimate":127594624.0,"standard_error":141044.96949056938},"median_abs_dev":{"confidence_interval":{"confidence_level":0.95,"lower_bound":794881.8726555262,"upper_bound":1499413.398680091},"point_estimate":1039407.846146822,"standard_error":173156.45831742772},"slope":null,"std_dev":{"confidence_interval":{"confidence_level":0.95,"lower_bound":1186676.1531410797,"upper_bound":1854852.7713311925},"point_estimate":1527633.4866513417,"standard_error":171674.73690018026}}