{"mean":{"confidence_interval":{"confidence_level":0.95,"lower_bound":-0.004420443769605036,"upper_bound":0.003653613273578371},"point_estimate":-0.00025870121990068107,"standard_error":0.002041735896219577},"median":{"confidence_interval":{"confidence_level":0.95,"lower_bound":-0.010341960404229966,"upper_bound":0.003702959719662058},"point_estimate":-0.005436135193698677,"standard_error":0.0033450238108137047}}