{"mean":{"confidence_interval":{"confidence_level":0.95,"lower_bound":-0.03077259432741045,"upper_bound":-0.02262916209476805},"point_estimate":-0.026562548544068365,"standard_error":0.0020704254203218297},"median":{"confidence_interval":{"confidence_level":0.95,"lower_bound":-0.023116323538836192,"upper_bound":-0.017991031096859067},"point_estimate":-0.02095338660866819,"standard_error":0.0013624889114473258}}