{"mean":{"confidence_interval":{"confidence_level":0.95,"lower_bound":0.006964431949875127,"upper_bound":0.01856778147345524},"point_estimate":0.013022243588458604,"standard_error":0.0029980972774938056},"median":{"confidence_interval":{"confidence_level":0.95,"lower_bound":0.009719210295458537,"upper_bound":0.02329705766671286},"point_estimate":0.016528200832888862,"standard_error":0.0035063118346682623}}