{"mean":{"confidence_interval":{"confidence_level":0.95,"lower_bound":12073006.201599993,"upper_bound":12129707.474250002},"point_estimate":12100545.704000002,"standard_error":14455.586703296032},"median":{"confidence_interval":{"confidence_level":0.95,"lower_bound":12020319.8,"upper_bound":12108853.3},"point_estimate":12060132.100000001,"standard_error":22713.85497635874},"median_abs_dev":{"confidence_interval":{"confidence_level":0.95,"lower_bound":87669.84294354916,"upper_bound":155225.84508419092},"point_estimate":127804.26901102038,"standard_error":17763.248221890375},"slope":null,"std_dev":{"confidence_interval":{"confidence_level":0.95,"lower_bound":115419.4777924558,"upper_bound":173652.9461579089},"point_estimate":145629.84252671557,"standard_error":14879.663958818468}}