{"mean":{"confidence_interval":{"confidence_level":0.95,"lower_bound":0.021323602447496183,"upper_bound":0.028230255714623276},"point_estimate":0.024938136359873964,"standard_error":0.0017587998879399316},"median":{"confidence_interval":{"confidence_level":0.95,"lower_bound":0.022294845104430472,"upper_bound":0.028648051085772508},"point_estimate":0.026229895804576353,"standard_error":0.001587841482483571}}