{"mean":{"confidence_interval":{"confidence_level":0.95,"lower_bound":-0.8586713642940296,"upper_bound":-0.8566833699792119},"point_estimate":-0.8577156439752682,"standard_error":0.0005273988791817968},"median":{"confidence_interval":{"confidence_level":0.95,"lower_bound":-0.859273183342839,"upper_bound":-0.8573631623452344},"point_estimate":-0.8583885152375602,"standard_error":0.0004870403987640607}}