{"mean":{"confidence_interval":{"confidence_level":0.95,"lower_bound":18662048.591500003,"upper_bound":19765324.44908333},"point_estimate":19162322.013333336,"standard_error":283861.2315186467},"median":{"confidence_interval":{"confidence_level":0.95,"lower_bound":18395214.5,"upper_bound":18655340.333333336},"point_estimate":18513934.5,"standard_error":68837.88754098727},"median_abs_dev":{"confidence_interval":{"confidence_level":0.95,"lower_bound":392591.4846301088,"upper_bound":633853.7428468494},"point_estimate":518625.3315925598,"standard_error":62194.244959601536},"slope":null,"std_dev":{"confidence_interval":{"confidence_level":0.95,"lower_bound":1536447.8863658125,"upper_bound":3869913.9368547373},"point_estimate":2842984.4457079023,"standard_error":606320.0979484635}}