{"mean":{"confidence_interval":{"confidence_level":0.95,"lower_bound":2575927.7229999993,"upper_bound":2782110.8085000007},"point_estimate":2670720.3435000004,"standard_error":52903.83653748235},"median":{"confidence_interval":{"confidence_level":0.95,"lower_bound":2529679.0,"upper_bound":2576691.075},"point_estimate":2545987.5,"standard_error":14585.744963746705},"median_abs_dev":{"confidence_interval":{"confidence_level":0.95,"lower_bound":98586.67132973678,"upper_bound":172149.68671873212},"point_estimate":123840.13026639806,"standard_error":17588.846640057083},"slope":null,"std_dev":{"confidence_interval":{"confidence_level":0.95,"lower_bound":302329.4780530692,"upper_bound":699963.2219570827},"point_estimate":529063.1016514195,"standard_error":101166.19750229965}}