{"mean":{"confidence_interval":{"confidence_level":0.95,"lower_bound":-0.02468518479720993,"upper_bound":-0.018373082913602012},"point_estimate":-0.021586267251718305,"standard_error":0.0016079888922379446},"median":{"confidence_interval":{"confidence_level":0.95,"lower_bound":-0.025042864067450266,"upper_bound":-0.014228631848329676},"point_estimate":-0.019245418290989025,"standard_error":0.0027991063458674636}}