{"mean":{"confidence_interval":{"confidence_level":0.95,"lower_bound":-0.03791058329524467,"upper_bound":-0.029624566960324162},"point_estimate":-0.03375094841698323,"standard_error":0.0021130216359728045},"median":{"confidence_interval":{"confidence_level":0.95,"lower_bound":-0.03573097977296957,"upper_bound":-0.02863194472268446},"point_estimate":-0.031984747754678855,"standard_error":0.0018064792049668362}}