{"mean":{"confidence_interval":{"confidence_level":0.95,"lower_bound":-0.06163040764758039,"upper_bound":-0.045073701992586555},"point_estimate":-0.05368034194089477,"standard_error":0.004210565808807564},"median":{"confidence_interval":{"confidence_level":0.95,"lower_bound":-0.07529107038563998,"upper_bound":-0.06576474234230478},"point_estimate":-0.07064824596915675,"standard_error":0.0022956010802209713}}