{"mean":{"confidence_interval":{"confidence_level":0.95,"lower_bound":5169109.426,"upper_bound":5471496.282725},"point_estimate":5303607.16,"standard_error":77704.92137364719},"median":{"confidence_interval":{"confidence_level":0.95,"lower_bound":5080058.8,"upper_bound":5169302.5},"point_estimate":5119957.65,"standard_error":23131.272680984373},"median_abs_dev":{"confidence_interval":{"confidence_level":0.95,"lower_bound":130360.8644056323,"upper_bound":221924.31140005644},"point_estimate":192360.2301049235,"standard_error":23010.561555121105},"slope":null,"std_dev":{"confidence_interval":{"confidence_level":0.95,"lower_bound":393624.3197889272,"upper_bound":1080700.6786550463},"point_estimate":781972.4015711466,"standard_error":179628.36299724344}}