{"mean":{"confidence_interval":{"confidence_level":0.95,"lower_bound":817044.9898987571,"upper_bound":837625.7837549028},"point_estimate":826513.4147949874,"standard_error":5285.952805969011},"median":{"confidence_interval":{"confidence_level":0.95,"lower_bound":807161.3088886157,"upper_bound":817861.3128903413},"point_estimate":811555.9485815603,"standard_error":2827.040545933845},"median_abs_dev":{"confidence_interval":{"confidence_level":0.95,"lower_bound":13487.25293864285,"upper_bound":25149.922624512772},"point_estimate":19010.84968980733,"standard_error":2883.842461206246},"slope":{"confidence_interval":{"confidence_level":0.95,"lower_bound":815550.9903646596,"upper_bound":831901.4261949752},"point_estimate":822920.019470962,"standard_error":4176.2137119293475},"std_dev":{"confidence_interval":{"confidence_level":0.95,"lower_bound":30372.56991576696,"upper_bound":72755.71294684889},"point_estimate":53210.61531651322,"standard_error":10887.426162328049}}