{"mean":{"confidence_interval":{"confidence_level":0.95,"lower_bound":-0.13782389293072403,"upper_bound":-0.12875740014356044},"point_estimate":-0.13330783091308518,"standard_error":0.00231191675093483},"median":{"confidence_interval":{"confidence_level":0.95,"lower_bound":-0.13588999322645712,"upper_bound":-0.12818558032188132},"point_estimate":-0.1314090405260776,"standard_error":0.0019157029976592098}}