{"mean":{"confidence_interval":{"confidence_level":0.95,"lower_bound":0.04620200019160803,"upper_bound":0.06322104123150481},"point_estimate":0.054621670261330024,"standard_error":0.004350253698867825},"median":{"confidence_interval":{"confidence_level":0.95,"lower_bound":0.022520987743798404,"upper_bound":0.08085771424847454},"point_estimate":0.048772882274253915,"standard_error":0.019026474964894152}}