{"mean":{"confidence_interval":{"confidence_level":0.95,"lower_bound":5882085854.834001,"upper_bound":5924668111.79725},"point_estimate":5903603479.49,"standard_error":10863386.721906176},"median":{"confidence_interval":{"confidence_level":0.95,"lower_bound":5875153481.0,"upper_bound":5974043296.0},"point_estimate":5941046186.5,"standard_error":27144494.651092462},"median_abs_dev":{"confidence_interval":{"confidence_level":0.95,"lower_bound":77126505.9536308,"upper_bound":160093933.92836452},"point_estimate":122599640.35102129,"standard_error":23596358.919371594},"slope":null,"std_dev":{"confidence_interval":{"confidence_level":0.95,"lower_bound":98981174.04987253,"upper_bound":117124546.58218756},"point_estimate":109080310.58578858,"standard_error":4633688.064287686}}