{"mean":{"confidence_interval":{"confidence_level":0.95,"lower_bound":-0.8513032411944047,"upper_bound":-0.8488787518556412},"point_estimate":-0.8501258152338093,"standard_error":0.0006124337671950357},"median":{"confidence_interval":{"confidence_level":0.95,"lower_bound":-0.8516096762776819,"upper_bound":-0.8485449838603054},"point_estimate":-0.8507809200445551,"standard_error":0.0008069509370607556}}