{"mean":{"confidence_interval":{"confidence_level":0.95,"lower_bound":0.036983727035222506,"upper_bound":0.05597527868207037},"point_estimate":0.04602344052533258,"standard_error":0.004819983391650837},"median":{"confidence_interval":{"confidence_level":0.95,"lower_bound":0.0354905111877315,"upper_bound":0.05382264932640157},"point_estimate":0.04211635935143909,"standard_error":0.004730512275263307}}