{"mean":{"confidence_interval":{"confidence_level":0.95,"lower_bound":8981075.259166664,"upper_bound":9078593.055},"point_estimate":9029062.606666666,"standard_error":24967.015596913938},"median":{"confidence_interval":{"confidence_level":0.95,"lower_bound":8886213.416666666,"upper_bound":9003684.333333334},"point_estimate":8925982.833333332,"standard_error":28457.52894863819},"median_abs_dev":{"confidence_interval":{"confidence_level":0.95,"lower_bound":130439.88698422909,"upper_bound":292607.78405517613},"point_estimate":188575.10295212176,"standard_error":38698.89278685887},"slope":null,"std_dev":{"confidence_interval":{"confidence_level":0.95,"lower_bound":217142.68724099323,"upper_bound":277761.4953306735},"point_estimate":250494.5297959083,"standard_error":15436.242771153997}}