{"mean":{"confidence_interval":{"confidence_level":0.95,"lower_bound":-0.00842378556070283,"upper_bound":-0.0008315276207088083},"point_estimate":-0.004636334642027395,"standard_error":0.0019175356518237115},"median":{"confidence_interval":{"confidence_level":0.95,"lower_bound":-0.011785442174342187,"upper_bound":-0.004510597738905275},"point_estimate":-0.007918857435281312,"standard_error":0.001965534754024386}}