{"mean":{"confidence_interval":{"confidence_level":0.95,"lower_bound":4844118.312428571,"upper_bound":5368670.70857143},"point_estimate":5080665.861428572,"standard_error":133962.6850761535},"median":{"confidence_interval":{"confidence_level":0.95,"lower_bound":4733402.642857143,"upper_bound":4853235.285714285},"point_estimate":4777022.928571428,"standard_error":34716.106040525505},"median_abs_dev":{"confidence_interval":{"confidence_level":0.95,"lower_bound":181532.40007715576,"upper_bound":317573.44386194524},"point_estimate":263599.07412018144,"standard_error":34212.22341743937},"slope":null,"std_dev":{"confidence_interval":{"confidence_level":0.95,"lower_bound":663226.6858797454,"upper_bound":1871323.1053847917},"point_estimate":1349067.9052377015,"standard_error":317328.4886213125}}