{"mean":{"confidence_interval":{"confidence_level":0.95,"lower_bound":113645366.612,"upper_bound":114642089.36},"point_estimate":114074806.56,"standard_error":256905.59253915734},"median":{"confidence_interval":{"confidence_level":0.95,"lower_bound":113066352.0,"upper_bound":113721267.5},"point_estimate":113423731.5,"standard_error":210183.870207279},"median_abs_dev":{"confidence_interval":{"confidence_level":0.95,"lower_bound":733104.915484786,"upper_bound":1449019.8255747557},"point_estimate":1070540.9629940987,"standard_error":212528.3862104203},"slope":null,"std_dev":{"confidence_interval":{"confidence_level":0.95,"lower_bound":1232805.5343307068,"upper_bound":3941460.1088827406},"point_estimate":2570189.1331461915,"standard_error":833803.0489174648}}