{"mean":{"confidence_interval":{"confidence_level":0.95,"lower_bound":856754.5413475838,"upper_bound":870923.8960881005},"point_estimate":863362.4647592808,"standard_error":3601.8321390639726},"median":{"confidence_interval":{"confidence_level":0.95,"lower_bound":850117.0784313725,"upper_bound":858239.2676638176},"point_estimate":852701.5916289593,"standard_error":2293.4821644916424},"median_abs_dev":{"confidence_interval":{"confidence_level":0.95,"lower_bound":11896.036752766087,"upper_bound":22402.445956443757},"point_estimate":16943.672626053045,"standard_error":2683.866886746333},"slope":{"confidence_interval":{"confidence_level":0.95,"lower_bound":861278.1344307702,"upper_bound":877853.853968379},"point_estimate":869116.6492286094,"standard_error":4238.117331886201},"std_dev":{"confidence_interval":{"confidence_level":0.95,"lower_bound":24152.527885812284,"upper_bound":48435.128696564076},"point_estimate":36231.97084915102,"standard_error":6330.101142981625}}