{"mean":{"confidence_interval":{"confidence_level":0.95,"lower_bound":-0.8149706169852525,"upper_bound":-0.8090085145130853},"point_estimate":-0.8122567855446945,"standard_error":0.0015182315431361334},"median":{"confidence_interval":{"confidence_level":0.95,"lower_bound":-0.8169754268072623,"upper_bound":-0.8106071724823555},"point_estimate":-0.8140201209618012,"standard_error":0.0015877301096855051}}