{"mean":{"confidence_interval":{"confidence_level":0.95,"lower_bound":-0.0029899183971378303,"upper_bound":0.009978141927946277},"point_estimate":0.003213711792000362,"standard_error":0.003316404081038896},"median":{"confidence_interval":{"confidence_level":0.95,"lower_bound":0.0033400996318020404,"upper_bound":0.026097914460744054},"point_estimate":0.018698279431773157,"standard_error":0.005980606812178608}}