{"mean":{"confidence_interval":{"confidence_level":0.95,"lower_bound":57351142.26525,"upper_bound":57685764.0},"point_estimate":57512507.28,"standard_error":85502.29234557538},"median":{"confidence_interval":{"confidence_level":0.95,"lower_bound":57037097.0,"upper_bound":57571442.5},"point_estimate":57371415.0,"standard_error":141012.9319521985},"median_abs_dev":{"confidence_interval":{"confidence_level":0.95,"lower_bound":554981.6481471062,"upper_bound":997158.9359968901},"point_estimate":783274.6159940958,"standard_error":110951.33147627675},"slope":null,"std_dev":{"confidence_interval":{"confidence_level":0.95,"lower_bound":683060.1208591446,"upper_bound":1036866.3134304907},"point_estimate":855795.6423776457,"standard_error":92367.63858084136}}