{"mean":{"confidence_interval":{"confidence_level":0.95,"lower_bound":10331888.521999998,"upper_bound":10370377.6018},"point_estimate":10350641.178000001,"standard_error":9832.35773868642},"median":{"confidence_interval":{"confidence_level":0.95,"lower_bound":10296440.9,"upper_bound":10329917.6},"point_estimate":10305675.0,"standard_error":10533.423251919685},"median_abs_dev":{"confidence_interval":{"confidence_level":0.95,"lower_bound":45266.14935636465,"upper_bound":97238.24665367576},"point_estimate":61785.27826309149,"standard_error":15097.158389330314},"slope":null,"std_dev":{"confidence_interval":{"confidence_level":0.95,"lower_bound":82470.48423501941,"upper_bound":113148.64986910444},"point_estimate":98554.0304212805,"standard_error":7808.869893185466}}