{"mean":{"confidence_interval":{"confidence_level":0.95,"lower_bound":18848169.11425,"upper_bound":18926473.73333333},"point_estimate":18886667.60333334,"standard_error":20032.76897938683},"median":{"confidence_interval":{"confidence_level":0.95,"lower_bound":18786533.0,"upper_bound":18908221.666666668},"point_estimate":18845511.833333336,"standard_error":35476.142536290325},"median_abs_dev":{"confidence_interval":{"confidence_level":0.95,"lower_bound":144459.10523533638,"upper_bound":253451.70100033376},"point_estimate":202206.86841010954,"standard_error":29030.1432598956},"slope":null,"std_dev":{"confidence_interval":{"confidence_level":0.95,"lower_bound":169289.3470000152,"upper_bound":229174.3554505781},"point_estimate":200997.78162922378,"standard_error":15304.563267361955}}