{"mean":{"confidence_interval":{"confidence_level":0.95,"lower_bound":11777889.232000003,"upper_bound":11828577.898000002},"point_estimate":11802382.205999997,"standard_error":12988.577957895839},"median":{"confidence_interval":{"confidence_level":0.95,"lower_bound":11730306.6,"upper_bound":11798056.6},"point_estimate":11748404.3,"standard_error":16034.114664933644},"median_abs_dev":{"confidence_interval":{"confidence_level":0.95,"lower_bound":59204.96126890072,"upper_bound":129958.33851277718},"point_estimate":88575.11848747675,"standard_error":16153.263807710144},"slope":null,"std_dev":{"confidence_interval":{"confidence_level":0.95,"lower_bound":107402.10543385538,"upper_bound":148992.47833731867},"point_estimate":129865.9612639994,"standard_error":10675.345737986125}}