{"mean":{"confidence_interval":{"confidence_level":0.95,"lower_bound":9023341.94670833,"upper_bound":9145129.603750002},"point_estimate":9080485.593333332,"standard_error":31109.5214102202},"median":{"confidence_interval":{"confidence_level":0.95,"lower_bound":8914677.333333332,"upper_bound":8979245.666666666},"point_estimate":8928008.916666668,"standard_error":16577.82402540837},"median_abs_dev":{"confidence_interval":{"confidence_level":0.95,"lower_bound":66203.15437465814,"upper_bound":165041.1727311851},"point_estimate":88031.96798712015,"standard_error":24916.542706416712},"slope":null,"std_dev":{"confidence_interval":{"confidence_level":0.95,"lower_bound":222553.61203645618,"upper_bound":413980.99229905615},"point_estimate":313418.46594902076,"standard_error":51790.24016331699}}