{"mean":{"confidence_interval":{"confidence_level":0.95,"lower_bound":2916720.8444166654,"upper_bound":2933419.5805555545},"point_estimate":2924785.91611111,"standard_error":4258.940572485455},"median":{"confidence_interval":{"confidence_level":0.95,"lower_bound":2907417.0555555555,"upper_bound":2925515.416666667},"point_estimate":2915045.5555555555,"standard_error":4320.168997773678},"median_abs_dev":{"confidence_interval":{"confidence_level":0.95,"lower_bound":27983.662669857382,"upper_bound":44511.85190975689},"point_estimate":37351.55297021067,"standard_error":4549.660521309005},"slope":null,"std_dev":{"confidence_interval":{"confidence_level":0.95,"lower_bound":34798.669939232816,"upper_bound":51387.779715087454},"point_estimate":42867.6261147823,"standard_error":4314.456622916938}}