{"mean":{"confidence_interval":{"confidence_level":0.95,"lower_bound":46458872.64,"upper_bound":46711164.481125},"point_estimate":46582622.36,"standard_error":64243.51981002131},"median":{"confidence_interval":{"confidence_level":0.95,"lower_bound":46454088.5,"upper_bound":46767069.0},"point_estimate":46608283.75,"standard_error":82235.09046985078},"median_abs_dev":{"confidence_interval":{"confidence_level":0.95,"lower_bound":387519.75722014904,"upper_bound":868220.552136004},"point_estimate":633072.412660718,"standard_error":132549.27668715426},"slope":null,"std_dev":{"confidence_interval":{"confidence_level":0.95,"lower_bound":541566.7338677503,"upper_bound":747289.2982105135},"point_estimate":645945.5999423473,"standard_error":52808.754409174944}}