{"mean":{"confidence_interval":{"confidence_level":0.95,"lower_bound":-0.06915762599130276,"upper_bound":-0.06129591870561804},"point_estimate":-0.06536619735687565,"standard_error":0.002022774861289741},"median":{"confidence_interval":{"confidence_level":0.95,"lower_bound":-0.07440158663405425,"upper_bound":-0.06686453704694337},"point_estimate":-0.07072129945603345,"standard_error":0.0020479929619786927}}