{"mean":{"confidence_interval":{"confidence_level":0.95,"lower_bound":13902909.5600625,"upper_bound":13961966.8939375},"point_estimate":13931398.8225,"standard_error":15024.236148274218},"median":{"confidence_interval":{"confidence_level":0.95,"lower_bound":13860766.875,"upper_bound":13916347.5},"point_estimate":13880144.125,"standard_error":17709.583307055687},"median_abs_dev":{"confidence_interval":{"confidence_level":0.95,"lower_bound":73163.71415108442,"upper_bound":146317.2354273498},"point_estimate":101832.56451711059,"standard_error":21124.67201439612},"slope":null,"std_dev":{"confidence_interval":{"confidence_level":0.95,"lower_bound":119810.42200177751,"upper_bound":181390.35746194917},"point_estimate":151252.73840372398,"standard_error":15764.17586512441}}