{"mean":{"confidence_interval":{"confidence_level":0.95,"lower_bound":-0.020947656497950717,"upper_bound":0.08397493630598427},"point_estimate":0.029171413491795528,"standard_error":0.02676562999311451},"median":{"confidence_interval":{"confidence_level":0.95,"lower_bound":0.000355090300347527,"upper_bound":0.030614110613250034},"point_estimate":0.020002432679359083,"standard_error":0.008162158463948735}}