{"mean":{"confidence_interval":{"confidence_level":0.95,"lower_bound":109529.3415329892,"upper_bound":114168.18761943234},"point_estimate":111599.44557722285,"standard_error":1190.504465379795},"median":{"confidence_interval":{"confidence_level":0.95,"lower_bound":107293.5294736842,"upper_bound":110218.60481927711},"point_estimate":108489.46194029851,"standard_error":757.9801949817652},"median_abs_dev":{"confidence_interval":{"confidence_level":0.95,"lower_bound":3292.288092561219,"upper_bound":5518.819022521379},"point_estimate":4396.115693119125,"standard_error":593.1705990950351},"slope":{"confidence_interval":{"confidence_level":0.95,"lower_bound":110175.96046632911,"upper_bound":117162.39068461688},"point_estimate":113271.70097561697,"standard_error":1798.429184867368},"std_dev":{"confidence_interval":{"confidence_level":0.95,"lower_bound":6089.408244748083,"upper_bound":17554.17482360566},"point_estimate":11986.524220002972,"standard_error":3101.714753306003}}