{"mean":{"confidence_interval":{"confidence_level":0.95,"lower_bound":-0.007879311062582661,"upper_bound":-0.0014923307688063936},"point_estimate":-0.0046697398483823704,"standard_error":0.0016781917856015195},"median":{"confidence_interval":{"confidence_level":0.95,"lower_bound":-0.010729597970748128,"upper_bound":-0.0013920798685754798},"point_estimate":-0.005953125744544208,"standard_error":0.002364212125942158}}