{"mean":{"confidence_interval":{"confidence_level":0.95,"lower_bound":-0.010889825428775616,"upper_bound":-0.00046037976279919785},"point_estimate":-0.005730047810209915,"standard_error":0.0026457939646513263},"median":{"confidence_interval":{"confidence_level":0.95,"lower_bound":-0.01289295795493206,"upper_bound":0.005018149965134722},"point_estimate":-0.007186938404387999,"standard_error":0.004768650263572602}}