{"mean":{"confidence_interval":{"confidence_level":0.95,"lower_bound":11459659.054149998,"upper_bound":11516105.8471},"point_estimate":11487542.725999996,"standard_error":14431.118294611606},"median":{"confidence_interval":{"confidence_level":0.95,"lower_bound":11443644.4,"upper_bound":11513883.2},"point_estimate":11486815.8,"standard_error":19109.34353496575},"median_abs_dev":{"confidence_interval":{"confidence_level":0.95,"lower_bound":107135.49103796537,"upper_bound":170270.9730970876},"point_estimate":125725.66384792438,"standard_error":15926.542799794099},"slope":null,"std_dev":{"confidence_interval":{"confidence_level":0.95,"lower_bound":123624.5745849894,"upper_bound":163879.93149183615},"point_estimate":144727.3664878765,"standard_error":10297.555550837438}}