{"mean":{"confidence_interval":{"confidence_level":0.95,"lower_bound":6685809.430937501,"upper_bound":6726320.197218751},"point_estimate":6705343.0675,"standard_error":10328.798773636043},"median":{"confidence_interval":{"confidence_level":0.95,"lower_bound":6658338.625,"upper_bound":6692409.5},"point_estimate":6674369.0625,"standard_error":8837.330054910766},"median_abs_dev":{"confidence_interval":{"confidence_level":0.95,"lower_bound":50943.89799962752,"upper_bound":91437.87077665329},"point_estimate":71161.09223663807,"standard_error":9820.058174010617},"slope":null,"std_dev":{"confidence_interval":{"confidence_level":0.95,"lower_bound":82044.29046204884,"upper_bound":122984.58798543236},"point_estimate":103875.9351066171,"standard_error":10418.945316782985}}