{"mean":{"confidence_interval":{"confidence_level":0.95,"lower_bound":-0.03785096723517358,"upper_bound":-0.03284976625354593},"point_estimate":-0.03541754530158392,"standard_error":0.0012791922979002242},"median":{"confidence_interval":{"confidence_level":0.95,"lower_bound":-0.03847598944298669,"upper_bound":-0.03285462452577739},"point_estimate":-0.035540950436262375,"standard_error":0.0013434588316869273}}