{"mean":{"confidence_interval":{"confidence_level":0.95,"lower_bound":0.005912992294684838,"upper_bound":0.011820093833740972},"point_estimate":0.008910593318828486,"standard_error":0.0014983062476209303},"median":{"confidence_interval":{"confidence_level":0.95,"lower_bound":0.007199060396200663,"upper_bound":0.015318318937189046},"point_estimate":0.012245541529617654,"standard_error":0.002082938467226931}}