{"mean":{"confidence_interval":{"confidence_level":0.95,"lower_bound":0.018663446580080897,"upper_bound":0.026084705637481293},"point_estimate":0.0223600964228563,"standard_error":0.0018964197580625573},"median":{"confidence_interval":{"confidence_level":0.95,"lower_bound":0.020304775539749378,"upper_bound":0.02603498945241456},"point_estimate":0.02341730720056634,"standard_error":0.0014045259803450107}}