{"mean":{"confidence_interval":{"confidence_level":0.95,"lower_bound":9539996.295333337,"upper_bound":9649302.742708333},"point_estimate":9595579.586666668,"standard_error":27785.221165479594},"median":{"confidence_interval":{"confidence_level":0.95,"lower_bound":9589683.5,"upper_bound":9654002.666666666},"point_estimate":9606705.833333334,"standard_error":17491.75145019421},"median_abs_dev":{"confidence_interval":{"confidence_level":0.95,"lower_bound":119073.28718602611,"upper_bound":327252.0682901144},"point_estimate":230296.33106142282,"standard_error":56274.692150772484},"slope":null,"std_dev":{"confidence_interval":{"confidence_level":0.95,"lower_bound":239843.73746370635,"upper_bound":312821.9995603766},"point_estimate":279284.26424809167,"standard_error":18555.351333433762}}