{"mean":{"confidence_interval":{"confidence_level":0.95,"lower_bound":-0.007948031716057338,"upper_bound":0.0023384933439235898},"point_estimate":-0.0028756962451477186,"standard_error":0.002637789499374428},"median":{"confidence_interval":{"confidence_level":0.95,"lower_bound":-0.019200504217484954,"upper_bound":0.003123434391835156},"point_estimate":-0.013447406367066428,"standard_error":0.005989038133068283}}