{"mean":{"confidence_interval":{"confidence_level":0.95,"lower_bound":18323444.994166665,"upper_bound":19123497.25666666},"point_estimate":18674059.35666666,"standard_error":206138.70746575276},"median":{"confidence_interval":{"confidence_level":0.95,"lower_bound":18148815.666666668,"upper_bound":18366972.666666668},"point_estimate":18249631.0,"standard_error":53068.36235766343},"median_abs_dev":{"confidence_interval":{"confidence_level":0.95,"lower_bound":343716.34099781513,"upper_bound":584274.9387345462},"point_estimate":481679.6815484762,"standard_error":61962.87205417743},"slope":null,"std_dev":{"confidence_interval":{"confidence_level":0.95,"lower_bound":639977.240667202,"upper_bound":3068456.329258705},"point_estimate":2086994.8120260679,"standard_error":594831.8891875618}}