{"mean":{"confidence_interval":{"confidence_level":0.95,"lower_bound":2491915.1019125,"upper_bound":2612872.2645},"point_estimate":2545473.0865,"standard_error":31122.597027101616},"median":{"confidence_interval":{"confidence_level":0.95,"lower_bound":2460192.6,"upper_bound":2516085.45},"point_estimate":2499889.225,"standard_error":17709.68598492275},"median_abs_dev":{"confidence_interval":{"confidence_level":0.95,"lower_bound":88146.64709508432,"upper_bound":158237.96932071488},"point_estimate":137723.3817449214,"standard_error":19141.65668089322},"slope":null,"std_dev":{"confidence_interval":{"confidence_level":0.95,"lower_bound":121063.0274108829,"upper_bound":453744.1964922795},"point_estimate":313052.9135538255,"standard_error":82842.08927338234}}