{"mean":{"confidence_interval":{"confidence_level":0.95,"lower_bound":-0.009925096341094885,"upper_bound":-0.0013399162875157484},"point_estimate":-0.0057065358231042085,"standard_error":0.0021907165256492365},"median":{"confidence_interval":{"confidence_level":0.95,"lower_bound":-0.013651788559097988,"upper_bound":-0.006476163082712927},"point_estimate":-0.008782129183724896,"standard_error":0.0018710247824683876}}