{"mean":{"confidence_interval":{"confidence_level":0.95,"lower_bound":5354713.4023,"upper_bound":5412808.434450001},"point_estimate":5382704.620999999,"standard_error":14827.92375605654},"median":{"confidence_interval":{"confidence_level":0.95,"lower_bound":5307341.6,"upper_bound":5383188.4},"point_estimate":5333612.699999999,"standard_error":19933.282977750427},"median_abs_dev":{"confidence_interval":{"confidence_level":0.95,"lower_bound":85397.12837889709,"upper_bound":147049.0097093578},"point_estimate":113444.91761594915,"standard_error":16126.497435831867},"slope":null,"std_dev":{"confidence_interval":{"confidence_level":0.95,"lower_bound":118494.3036196754,"upper_bound":175229.46070751274},"point_estimate":148197.92951003768,"standard_error":14460.458285543802}}