{"mean":{"confidence_interval":{"confidence_level":0.95,"lower_bound":1280834.5403102133,"upper_bound":1332152.8239365437},"point_estimate":1304005.259196543,"standard_error":13101.518631269499},"median":{"confidence_interval":{"confidence_level":0.95,"lower_bound":1256465.5238095238,"upper_bound":1278709.536231884},"point_estimate":1263407.6770833335,"standard_error":5598.301114737495},"median_abs_dev":{"confidence_interval":{"confidence_level":0.95,"lower_bound":38785.838877447866,"upper_bound":80601.90482204217},"point_estimate":59803.281968568306,"standard_error":11191.049176359023},"slope":{"confidence_interval":{"confidence_level":0.95,"lower_bound":1251598.0737794728,"upper_bound":1293119.4794410921},"point_estimate":1269175.95072558,"standard_error":10701.021679353378},"std_dev":{"confidence_interval":{"confidence_level":0.95,"lower_bound":76219.47729256494,"upper_bound":181815.7286935978},"point_estimate":130697.644753171,"standard_error":27558.550784469426}}