{"mean":{"confidence_interval":{"confidence_level":0.95,"lower_bound":11460926.261,"upper_bound":11504783.804000005},"point_estimate":11482424.500000006,"standard_error":11264.625024762152},"median":{"confidence_interval":{"confidence_level":0.95,"lower_bound":11431141.6,"upper_bound":11482218.1},"point_estimate":11467327.3,"standard_error":14495.740395762063},"median_abs_dev":{"confidence_interval":{"confidence_level":0.95,"lower_bound":70624.2427861696,"upper_bound":119623.13409626512},"point_estimate":99878.4606868037,"standard_error":13292.05522042247},"slope":null,"std_dev":{"confidence_interval":{"confidence_level":0.95,"lower_bound":92260.74987204559,"upper_bound":132377.76227717983},"point_estimate":113236.83229985848,"standard_error":10234.545700887902}}