{"mean":{"confidence_interval":{"confidence_level":0.95,"lower_bound":-0.856787769526177,"upper_bound":-0.854385630205512},"point_estimate":-0.8555980830633201,"standard_error":0.000634723098934122},"median":{"confidence_interval":{"confidence_level":0.95,"lower_bound":-0.8570124816818669,"upper_bound":-0.8550141339298671},"point_estimate":-0.8562582474424091,"standard_error":0.0004987618654589838}}