{"mean":{"confidence_interval":{"confidence_level":0.95,"lower_bound":114700583.97,"upper_bound":115566606.87},"point_estimate":115085555.33,"standard_error":221297.85075120817},"median":{"confidence_interval":{"confidence_level":0.95,"lower_bound":114206675.0,"upper_bound":114792442.0},"point_estimate":114459311.5,"standard_error":160642.79895995976},"median_abs_dev":{"confidence_interval":{"confidence_level":0.95,"lower_bound":759284.6658200026,"upper_bound":1498367.4243986607},"point_estimate":1160503.6467969418,"standard_error":203939.6163083639},"slope":null,"std_dev":{"confidence_interval":{"confidence_level":0.95,"lower_bound":1253614.128316217,"upper_bound":3273393.152287431},"point_estimate":2214088.081535323,"standard_error":620056.1526491473}}