{"mean":{"confidence_interval":{"confidence_level":0.95,"lower_bound":-0.8181240917251028,"upper_bound":-0.8129440074688877},"point_estimate":-0.8154069240374296,"standard_error":0.0012736548157986911},"median":{"confidence_interval":{"confidence_level":0.95,"lower_bound":-0.8201137827284088,"upper_bound":-0.8149576363891604},"point_estimate":-0.8186371625081498,"standard_error":0.0013600044555475118}}