{"mean":{"confidence_interval":{"confidence_level":0.95,"lower_bound":14231220.5224375,"upper_bound":14286626.351625},"point_estimate":14258427.5925,"standard_error":14162.5415394445},"median":{"confidence_interval":{"confidence_level":0.95,"lower_bound":14191181.0,"upper_bound":14250602.625},"point_estimate":14216360.5,"standard_error":18056.50222924191},"median_abs_dev":{"confidence_interval":{"confidence_level":0.95,"lower_bound":80526.490945369,"upper_bound":161300.57608634233},"point_estimate":112932.79052004218,"standard_error":22435.020934220243},"slope":null,"std_dev":{"confidence_interval":{"confidence_level":0.95,"lower_bound":119845.88062980662,"upper_bound":161726.1465459186},"point_estimate":142383.48481689987,"standard_error":10672.810407970132}}