{"mean":{"confidence_interval":{"confidence_level":0.95,"lower_bound":129244187.69125,"upper_bound":129570272.82975},"point_estimate":129402389.62,"standard_error":83583.95684860082},"median":{"confidence_interval":{"confidence_level":0.95,"lower_bound":129051315.0,"upper_bound":129398695.0},"point_estimate":129226257.0,"standard_error":90200.40968801224},"median_abs_dev":{"confidence_interval":{"confidence_level":0.95,"lower_bound":449223.3442246914,"upper_bound":794692.8596913815},"point_estimate":622963.3047401905,"standard_error":91380.99564802201},"slope":null,"std_dev":{"confidence_interval":{"confidence_level":0.95,"lower_bound":653960.7472019285,"upper_bound":1012473.5012645382},"point_estimate":838756.9727105589,"standard_error":92083.04304903588}}