{"mean":{"confidence_interval":{"confidence_level":0.95,"lower_bound":5757709.283777778,"upper_bound":5807134.654666666},"point_estimate":5781749.967777777,"standard_error":12607.562413693166},"median":{"confidence_interval":{"confidence_level":0.95,"lower_bound":5725938.777777778,"upper_bound":5781833.666666667},"point_estimate":5752205.5,"standard_error":13341.840645084954},"median_abs_dev":{"confidence_interval":{"confidence_level":0.95,"lower_bound":91037.07458376793,"upper_bound":146105.86197276972},"point_estimate":122245.22746304702,"standard_error":13529.089127442532},"slope":null,"std_dev":{"confidence_interval":{"confidence_level":0.95,"lower_bound":105401.217227868,"upper_bound":145452.8004677209},"point_estimate":126282.16030334798,"standard_error":10277.849931651745}}