{"mean":{"confidence_interval":{"confidence_level":0.95,"lower_bound":0.0018405512715794065,"upper_bound":0.01921348620383677},"point_estimate":0.010516068503853893,"standard_error":0.004428336484083},"median":{"confidence_interval":{"confidence_level":0.95,"lower_bound":-0.02141834890668015,"upper_bound":0.01977994815309794},"point_estimate":-0.01261623394778344,"standard_error":0.01048436021519351}}