{"mean":{"confidence_interval":{"confidence_level":0.95,"lower_bound":5153652.755000001,"upper_bound":5408955.579799998},"point_estimate":5266420.888000001,"standard_error":65564.39946625085},"median":{"confidence_interval":{"confidence_level":0.95,"lower_bound":5117261.800000001,"upper_bound":5196534.2},"point_estimate":5154270.35,"standard_error":20115.136959900945},"median_abs_dev":{"confidence_interval":{"confidence_level":0.95,"lower_bound":135264.5638185742,"upper_bound":205174.43619317553},"point_estimate":168486.21924877152,"standard_error":17394.670670793505},"slope":null,"std_dev":{"confidence_interval":{"confidence_level":0.95,"lower_bound":175427.46166955627,"upper_bound":958201.0132686746},"point_estimate":662478.8304304312,"standard_error":183184.20756572532}}