{"mean":{"confidence_interval":{"confidence_level":0.95,"lower_bound":5173027.771475002,"upper_bound":5209265.911300001},"point_estimate":5190389.544999999,"standard_error":9269.681809760988},"median":{"confidence_interval":{"confidence_level":0.95,"lower_bound":5144623.95,"upper_bound":5193184.25},"point_estimate":5160274.75,"standard_error":12895.56439384612},"median_abs_dev":{"confidence_interval":{"confidence_level":0.95,"lower_bound":54616.61087036119,"upper_bound":95217.98179954277},"point_estimate":71207.64587581145,"standard_error":10271.19000706824},"slope":null,"std_dev":{"confidence_interval":{"confidence_level":0.95,"lower_bound":72734.28630354659,"upper_bound":110469.57510066224},"point_estimate":92864.6523734869,"standard_error":9667.678296195489}}