{"mean":{"confidence_interval":{"confidence_level":0.95,"lower_bound":-0.813374908612204,"upper_bound":-0.8094985874398272},"point_estimate":-0.81137505424757,"standard_error":0.0009893765227729301},"median":{"confidence_interval":{"confidence_level":0.95,"lower_bound":-0.8147700010416119,"upper_bound":-0.8096841530230188},"point_estimate":-0.8128852266131998,"standard_error":0.0011072639933252348}}