{"mean":{"confidence_interval":{"confidence_level":0.95,"lower_bound":-0.05049458863154836,"upper_bound":-0.044832519629679456},"point_estimate":-0.04775391655736749,"standard_error":0.0014422969823085898},"median":{"confidence_interval":{"confidence_level":0.95,"lower_bound":-0.05296606820764138,"upper_bound":-0.04683915421785845},"point_estimate":-0.04958812250119482,"standard_error":0.0015799635539743052}}