{"mean":{"confidence_interval":{"confidence_level":0.95,"lower_bound":-0.8043889214566002,"upper_bound":-0.8011815145031629},"point_estimate":-0.8027538067623987,"standard_error":0.0008114396745791342},"median":{"confidence_interval":{"confidence_level":0.95,"lower_bound":-0.8038997541449031,"upper_bound":-0.8014965442489764},"point_estimate":-0.802634066907348,"standard_error":0.0006461692381156646}}