{"mean":{"confidence_interval":{"confidence_level":0.95,"lower_bound":14766183.3265,"upper_bound":15750070.7914375},"point_estimate":15266783.0225,"standard_error":251736.91326597528},"median":{"confidence_interval":{"confidence_level":0.95,"lower_bound":15608360.75,"upper_bound":16118612.125},"point_estimate":15919601.375,"standard_error":141393.81527140187},"median_abs_dev":{"confidence_interval":{"confidence_level":0.95,"lower_bound":1101956.1444863677,"upper_bound":2215704.5185133815},"point_estimate":1568247.3649330437,"standard_error":294067.7251339753},"slope":null,"std_dev":{"confidence_interval":{"confidence_level":0.95,"lower_bound":2103421.9542835634,"upper_bound":2890061.770633502},"point_estimate":2536750.864395051,"standard_error":199900.06724409666}}