{"mean":{"confidence_interval":{"confidence_level":0.95,"lower_bound":0.015727489438967596,"upper_bound":0.028640502859127524},"point_estimate":0.022188455166680665,"standard_error":0.003285745996239033},"median":{"confidence_interval":{"confidence_level":0.95,"lower_bound":0.010914334089090013,"upper_bound":0.027473544009849915},"point_estimate":0.016294026917990534,"standard_error":0.0041040103075745075}}