{"mean":{"confidence_interval":{"confidence_level":0.95,"lower_bound":-0.015810884968916552,"upper_bound":0.047361442462629834},"point_estimate":0.015091274011939104,"standard_error":0.01581289925931964},"median":{"confidence_interval":{"confidence_level":0.95,"lower_bound":0.0027295194889433994,"upper_bound":0.020079891692866836},"point_estimate":0.010552167694057424,"standard_error":0.004306280197254881}}