{"mean":{"confidence_interval":{"confidence_level":0.95,"lower_bound":0.009154331952750073,"upper_bound":0.015995961986459556},"point_estimate":0.012578850635687644,"standard_error":0.0017557895645050202},"median":{"confidence_interval":{"confidence_level":0.95,"lower_bound":0.013284270142524202,"upper_bound":0.02147097070778914},"point_estimate":0.01745424231716508,"standard_error":0.0021591552672026323}}