{"mean":{"confidence_interval":{"confidence_level":0.95,"lower_bound":-0.01260665585844356,"upper_bound":-0.00017635879797850418},"point_estimate":-0.0067354677422291065,"standard_error":0.0032073661357647017},"median":{"confidence_interval":{"confidence_level":0.95,"lower_bound":-0.005925432932807673,"upper_bound":0.006072746439100607},"point_estimate":-0.0007729850823805506,"standard_error":0.003276373433024362}}