{"mean":{"confidence_interval":{"confidence_level":0.95,"lower_bound":8820320.694999997,"upper_bound":8881580.158333333},"point_estimate":8848850.016666666,"standard_error":15618.738608860534},"median":{"confidence_interval":{"confidence_level":0.95,"lower_bound":8782115.333333334,"upper_bound":8820629.25},"point_estimate":8797682.0,"standard_error":10605.90024162995},"median_abs_dev":{"confidence_interval":{"confidence_level":0.95,"lower_bound":51229.38884049654,"upper_bound":100353.23861837479},"point_estimate":71758.08582603978,"standard_error":12752.743523780255},"slope":null,"std_dev":{"confidence_interval":{"confidence_level":0.95,"lower_bound":99676.14672290484,"upper_bound":210234.0495419581},"point_estimate":156951.129601585,"standard_error":28633.070999988642}}