{"mean":{"confidence_interval":{"confidence_level":0.95,"lower_bound":24878197.082374997,"upper_bound":26191563.89325},"point_estimate":25465276.35,"standard_error":335728.88112172036},"median":{"confidence_interval":{"confidence_level":0.95,"lower_bound":24437929.0,"upper_bound":24812040.5},"point_estimate":24580025.25,"standard_error":80456.14318744969},"median_abs_dev":{"confidence_interval":{"confidence_level":0.95,"lower_bound":562114.8072704673,"upper_bound":1066271.8163698912},"point_estimate":782961.0460996628,"standard_error":132915.7163894157},"slope":null,"std_dev":{"confidence_interval":{"confidence_level":0.95,"lower_bound":1594055.1267250846,"upper_bound":4798459.127237614},"point_estimate":3373491.203944746,"standard_error":820361.1830679341}}