{"mean":{"confidence_interval":{"confidence_level":0.95,"lower_bound":5166088.243625,"upper_bound":5211444.2351750005},"point_estimate":5188258.143000001,"standard_error":11535.896305458096},"median":{"confidence_interval":{"confidence_level":0.95,"lower_bound":5124739.1,"upper_bound":5216093.8},"point_estimate":5193419.05,"standard_error":23742.458489202894},"median_abs_dev":{"confidence_interval":{"confidence_level":0.95,"lower_bound":82095.63769251108,"upper_bound":155758.91390472677},"point_estimate":127409.82328802347,"standard_error":18707.057790439954},"slope":null,"std_dev":{"confidence_interval":{"confidence_level":0.95,"lower_bound":96061.34445818832,"upper_bound":133705.023408755},"point_estimate":116088.85848365388,"standard_error":9602.85138228176}}