{"mean":{"confidence_interval":{"confidence_level":0.95,"lower_bound":4932274.744285714,"upper_bound":5410371.255714288},"point_estimate":5147994.262857143,"standard_error":121818.50255236505},"median":{"confidence_interval":{"confidence_level":0.95,"lower_bound":4846822.571428571,"upper_bound":4973382.857142857},"point_estimate":4908133.928571429,"standard_error":32038.987219547093},"median_abs_dev":{"confidence_interval":{"confidence_level":0.95,"lower_bound":183112.42804910435,"upper_bound":332900.45648983505},"point_estimate":287848.16158967436,"standard_error":40530.39100967555},"slope":null,"std_dev":{"confidence_interval":{"confidence_level":0.95,"lower_bound":611395.8982820222,"upper_bound":1655497.3594011713},"point_estimate":1221264.5484228472,"standard_error":259691.09225060526}}