{"mean":{"confidence_interval":{"confidence_level":0.95,"lower_bound":10610332.3784,"upper_bound":10659592.7003},"point_estimate":10634264.333999997,"standard_error":12537.398305316476},"median":{"confidence_interval":{"confidence_level":0.95,"lower_bound":10578407.3,"upper_bound":10656397.1},"point_estimate":10624192.5,"standard_error":22709.62001054447},"median_abs_dev":{"confidence_interval":{"confidence_level":0.95,"lower_bound":88918.93342137613,"upper_bound":145284.12270068956},"point_estimate":124414.89721119431,"standard_error":14972.465804750194},"slope":null,"std_dev":{"confidence_interval":{"confidence_level":0.95,"lower_bound":98396.35414378553,"upper_bound":153850.7159392525},"point_estimate":126233.99711340967,"standard_error":14289.309503425318}}