{"mean":{"confidence_interval":{"confidence_level":0.95,"lower_bound":2800330.110555556,"upper_bound":2811994.6384583344},"point_estimate":2805968.818888888,"standard_error":2963.3403568618937},"median":{"confidence_interval":{"confidence_level":0.95,"lower_bound":2795022.4444444445,"upper_bound":2808574.3333333335},"point_estimate":2799959.0555555555,"standard_error":3085.7466079456267},"median_abs_dev":{"confidence_interval":{"confidence_level":0.95,"lower_bound":19219.520025451442,"upper_bound":31262.638428310398},"point_estimate":25676.448827485205,"standard_error":3179.6912844973153},"slope":null,"std_dev":{"confidence_interval":{"confidence_level":0.95,"lower_bound":23600.265078969416,"upper_bound":35471.473893941686},"point_estimate":29830.1739580367,"standard_error":3035.656855979724}}