{"mean":{"confidence_interval":{"confidence_level":0.95,"lower_bound":-0.12435595220816749,"upper_bound":-0.11771586708245901},"point_estimate":-0.12116250807917017,"standard_error":0.001698853448586952},"median":{"confidence_interval":{"confidence_level":0.95,"lower_bound":-0.12857268304369773,"upper_bound":-0.12197992855417727},"point_estimate":-0.12529296059491557,"standard_error":0.0016243850529373118}}