{"mean":{"confidence_interval":{"confidence_level":0.95,"lower_bound":-0.028141110231655275,"upper_bound":0.04351331651518906},"point_estimate":0.0069827288206076865,"standard_error":0.01840780480740608},"median":{"confidence_interval":{"confidence_level":0.95,"lower_bound":-0.019258553652159782,"upper_bound":0.02302945984345217},"point_estimate":0.001108763235908139,"standard_error":0.010481185428403272}}