{"mean":{"confidence_interval":{"confidence_level":0.95,"lower_bound":1210103.073611405,"upper_bound":1250654.035744971},"point_estimate":1228711.984054041,"standard_error":10421.116332881453},"median":{"confidence_interval":{"confidence_level":0.95,"lower_bound":1189810.5384615385,"upper_bound":1198661.267857143},"point_estimate":1193026.0360501567,"standard_error":2388.192564130607},"median_abs_dev":{"confidence_interval":{"confidence_level":0.95,"lower_bound":11503.650687922816,"upper_bound":29480.661043546803},"point_estimate":16653.986818082503,"standard_error":4521.29505253556},"slope":{"confidence_interval":{"confidence_level":0.95,"lower_bound":1206919.37363588,"upper_bound":1245368.8955074947},"point_estimate":1223806.471715679,"standard_error":9925.863146359712},"std_dev":{"confidence_interval":{"confidence_level":0.95,"lower_bound":62572.42266694955,"upper_bound":140367.83008992072},"point_estimate":104714.02540139187,"standard_error":20016.063248525294}}