{"mean":{"confidence_interval":{"confidence_level":0.95,"lower_bound":10543143.185950004,"upper_bound":10604871.46735},"point_estimate":10572611.331999999,"standard_error":15741.32905884767},"median":{"confidence_interval":{"confidence_level":0.95,"lower_bound":10515461.7,"upper_bound":10573199.0},"point_estimate":10553949.3,"standard_error":13776.478216890864},"median_abs_dev":{"confidence_interval":{"confidence_level":0.95,"lower_bound":88502.32282876968,"upper_bound":152946.05110466506},"point_estimate":128788.71539354435,"standard_error":17038.20761890105},"slope":null,"std_dev":{"confidence_interval":{"confidence_level":0.95,"lower_bound":117009.38352534776,"upper_bound":199257.05629350618},"point_estimate":157478.58143960038,"standard_error":21370.75790382741}}