{"mean":{"confidence_interval":{"confidence_level":0.95,"lower_bound":5431716.111150001,"upper_bound":5460292.389400001},"point_estimate":5445550.824000002,"standard_error":7308.060797878531},"median":{"confidence_interval":{"confidence_level":0.95,"lower_bound":5413930.9,"upper_bound":5450505.4},"point_estimate":5428515.199999999,"standard_error":10073.579197991774},"median_abs_dev":{"confidence_interval":{"confidence_level":0.95,"lower_bound":48963.586898222566,"upper_bound":83264.66777175665},"point_estimate":62628.58112811959,"standard_error":8259.251577819887},"slope":null,"std_dev":{"confidence_interval":{"confidence_level":0.95,"lower_bound":59990.40344257925,"upper_bound":85293.2784564728},"point_estimate":73544.71156933575,"standard_error":6449.678083962418}}