{"mean":{"confidence_interval":{"confidence_level":0.95,"lower_bound":-0.8617617048900654,"upper_bound":-0.8594471873498671},"point_estimate":-0.8605731437398774,"standard_error":0.0005674914969899409},"median":{"confidence_interval":{"confidence_level":0.95,"lower_bound":-0.8615546332210307,"upper_bound":-0.860404671490231},"point_estimate":-0.8609714120773085,"standard_error":0.00032107367958820104}}