{"mean":{"confidence_interval":{"confidence_level":0.95,"lower_bound":2902416.1439444446,"upper_bound":2915421.8869583323},"point_estimate":2908798.991111111,"standard_error":3322.6325930741727},"median":{"confidence_interval":{"confidence_level":0.95,"lower_bound":2899618.722222222,"upper_bound":2913735.611111111},"point_estimate":2902936.0555555555,"standard_error":3007.2286426386395},"median_abs_dev":{"confidence_interval":{"confidence_level":0.95,"lower_bound":25743.00006338694,"upper_bound":43737.358156840084},"point_estimate":33838.57351591182,"standard_error":4857.491120222473},"slope":null,"std_dev":{"confidence_interval":{"confidence_level":0.95,"lower_bound":28183.598365628073,"upper_bound":38970.30389558462},"point_estimate":33445.596010611494,"standard_error":2794.457439010446}}