{"mean":{"confidence_interval":{"confidence_level":0.95,"lower_bound":972507.4891155506,"upper_bound":975675.8668991749},"point_estimate":974060.7542080214,"standard_error":818.1781133937283},"median":{"confidence_interval":{"confidence_level":0.95,"lower_bound":971211.8575715015,"upper_bound":974932.4857142858},"point_estimate":973861.8957156308,"standard_error":1124.2966865429928},"median_abs_dev":{"confidence_interval":{"confidence_level":0.95,"lower_bound":5620.336621670818,"upper_bound":9785.398584476834},"point_estimate":8074.5770529532065,"standard_error":1100.8040367913884},"slope":{"confidence_interval":{"confidence_level":0.95,"lower_bound":969856.0223756771,"upper_bound":974471.2534199369},"point_estimate":972027.6462509236,"standard_error":1176.4681854426228},"std_dev":{"confidence_interval":{"confidence_level":0.95,"lower_bound":6538.946065823649,"upper_bound":10114.22778541797},"point_estimate":8238.226566505613,"standard_error":939.9942551369404}}