{"mean":{"confidence_interval":{"confidence_level":0.95,"lower_bound":10962781.1842,"upper_bound":11066402.879450006},"point_estimate":11011013.897999996,"standard_error":26357.120456017772},"median":{"confidence_interval":{"confidence_level":0.95,"lower_bound":10888875.9,"upper_bound":10937893.2},"point_estimate":10909659.5,"standard_error":12611.475550197401},"median_abs_dev":{"confidence_interval":{"confidence_level":0.95,"lower_bound":55240.933719276,"upper_bound":116273.05119574015},"point_estimate":86591.25146269798,"standard_error":15505.758549340368},"slope":null,"std_dev":{"confidence_interval":{"confidence_level":0.95,"lower_bound":175682.60380409256,"upper_bound":339822.00995186536},"point_estimate":264867.80345060414,"standard_error":41771.55833376674}}