{"mean":{"confidence_interval":{"confidence_level":0.95,"lower_bound":-0.02877426515908424,"upper_bound":0.07553866835827364},"point_estimate":0.02070727840064701,"standard_error":0.026696993712858535},"median":{"confidence_interval":{"confidence_level":0.95,"lower_bound":-0.008547744257239476,"upper_bound":0.028682886388372575},"point_estimate":0.008421267832783741,"standard_error":0.010035924000091335}}