{"mean":{"confidence_interval":{"confidence_level":0.95,"lower_bound":1241188.9535311703,"upper_bound":1250896.351100402},"point_estimate":1245655.4948591369,"standard_error":2479.809794867876},"median":{"confidence_interval":{"confidence_level":0.95,"lower_bound":1234947.9074074074,"upper_bound":1239593.4444444445},"point_estimate":1237059.7729468597,"standard_error":1177.55895923345},"median_abs_dev":{"confidence_interval":{"confidence_level":0.95,"lower_bound":6247.197337131474,"upper_bound":12937.242089445355},"point_estimate":8921.786355399723,"standard_error":1729.010970345814},"slope":{"confidence_interval":{"confidence_level":0.95,"lower_bound":1241449.3383772043,"upper_bound":1253236.9200327734},"point_estimate":1246895.0585931728,"standard_error":3019.377714863113},"std_dev":{"confidence_interval":{"confidence_level":0.95,"lower_bound":15106.246794022036,"upper_bound":33245.944935851265},"point_estimate":24813.202702095245,"standard_error":4643.065185417693}}