{"mean":{"confidence_interval":{"confidence_level":0.95,"lower_bound":18783552.771250002,"upper_bound":20278056.262166668},"point_estimate":19466144.13666667,"standard_error":382432.20377304865},"median":{"confidence_interval":{"confidence_level":0.95,"lower_bound":18318100.0,"upper_bound":18537418.166666664},"point_estimate":18420748.0,"standard_error":53814.04170684884},"median_abs_dev":{"confidence_interval":{"confidence_level":0.95,"lower_bound":308114.66782986844,"upper_bound":489686.4627063291},"point_estimate":359377.04451978207,"standard_error":47085.11901282887},"slope":null,"std_dev":{"confidence_interval":{"confidence_level":0.95,"lower_bound":2220164.751040792,"upper_bound":5067417.612656127},"point_estimate":3831162.247672745,"standard_error":724042.1856974225}}