{"mean":{"confidence_interval":{"confidence_level":0.95,"lower_bound":0.030225563207541117,"upper_bound":0.037765339925296605},"point_estimate":0.03398894177931533,"standard_error":0.0019263697501291175},"median":{"confidence_interval":{"confidence_level":0.95,"lower_bound":0.0324174187107138,"upper_bound":0.04027155275422748},"point_estimate":0.03670600350912823,"standard_error":0.0018677478810197434}}