{"mean":{"confidence_interval":{"confidence_level":0.95,"lower_bound":11333403.19245,"upper_bound":11393069.857749997},"point_estimate":11361257.503999997,"standard_error":15290.232244941126},"median":{"confidence_interval":{"confidence_level":0.95,"lower_bound":11297897.6,"upper_bound":11323165.6},"point_estimate":11311211.4,"standard_error":5646.9011308070885},"median_abs_dev":{"confidence_interval":{"confidence_level":0.95,"lower_bound":34197.20621287712,"upper_bound":58932.45939373749},"point_estimate":46291.96027815342,"standard_error":6383.63519065119},"slope":null,"std_dev":{"confidence_interval":{"confidence_level":0.95,"lower_bound":98056.35448427947,"upper_bound":200420.71302144649},"point_estimate":154197.4208624525,"standard_error":26059.16406277482}}