{"mean":{"confidence_interval":{"confidence_level":0.95,"lower_bound":3429796.632950001,"upper_bound":3441140.489333332},"point_estimate":3435308.550666668,"standard_error":2901.1977265167584},"median":{"confidence_interval":{"confidence_level":0.95,"lower_bound":3421735.2666666666,"upper_bound":3435977.0},"point_estimate":3428173.166666667,"standard_error":4072.8323983684586},"median_abs_dev":{"confidence_interval":{"confidence_level":0.95,"lower_bound":15646.174042224815,"upper_bound":26792.16296434435},"point_estimate":21645.16889572093,"standard_error":2818.176036259317},"slope":null,"std_dev":{"confidence_interval":{"confidence_level":0.95,"lower_bound":23392.27139038435,"upper_bound":33970.21950884967},"point_estimate":29104.96935416299,"standard_error":2701.788734387875}}