{"mean":{"confidence_interval":{"confidence_level":0.95,"lower_bound":0.024723276267088572,"upper_bound":0.032209310522445245},"point_estimate":0.02868809087072277,"standard_error":0.0019096719757527474},"median":{"confidence_interval":{"confidence_level":0.95,"lower_bound":0.02934495429574624,"upper_bound":0.034744725693583334},"point_estimate":0.0312843729961616,"standard_error":0.0014520092708234357}}