{"mean":{"confidence_interval":{"confidence_level":0.95,"lower_bound":4090825.6713461536,"upper_bound":4109280.310557694},"point_estimate":4099850.275384617,"standard_error":4703.546989989772},"median":{"confidence_interval":{"confidence_level":0.95,"lower_bound":4086533.961538462,"upper_bound":4104722.5384615385},"point_estimate":4093983.4615384615,"standard_error":4653.482023688624},"median_abs_dev":{"confidence_interval":{"confidence_level":0.95,"lower_bound":32749.437359542902,"upper_bound":49372.28696462095},"point_estimate":40699.59317743778,"standard_error":4315.686467066947},"slope":null,"std_dev":{"confidence_interval":{"confidence_level":0.95,"lower_bound":37212.35714607484,"upper_bound":57414.533955937215},"point_estimate":47537.68202109581,"standard_error":5230.194982604402}}