{"mean":{"confidence_interval":{"confidence_level":0.95,"lower_bound":0.0651626246103917,"upper_bound":0.07114674955084303},"point_estimate":0.06818238298286139,"standard_error":0.0015238007384290714},"median":{"confidence_interval":{"confidence_level":0.95,"lower_bound":0.06737368444990044,"upper_bound":0.07281106100299461},"point_estimate":0.06996656963902392,"standard_error":0.0013134911644944428}}