{"mean":{"confidence_interval":{"confidence_level":0.95,"lower_bound":17167499.46133334,"upper_bound":17285033.13725},"point_estimate":17224894.759999994,"standard_error":29997.995568459133},"median":{"confidence_interval":{"confidence_level":0.95,"lower_bound":17103070.0,"upper_bound":17242664.333333332},"point_estimate":17202839.833333336,"standard_error":34263.48041948637},"median_abs_dev":{"confidence_interval":{"confidence_level":0.95,"lower_bound":263414.77282344835,"upper_bound":410323.1332153045},"point_estimate":380878.9448380507,"standard_error":38690.18102055014},"slope":null,"std_dev":{"confidence_interval":{"confidence_level":0.95,"lower_bound":259720.94068354738,"upper_bound":339261.8682235973},"point_estimate":302386.31499155675,"standard_error":20338.42646841064}}