{"mean":{"confidence_interval":{"confidence_level":0.95,"lower_bound":12736244.8974375,"upper_bound":12813812.029375},"point_estimate":12773678.465,"standard_error":19825.776676976642},"median":{"confidence_interval":{"confidence_level":0.95,"lower_bound":12678790.625,"upper_bound":12746494.625},"point_estimate":12705845.375,"standard_error":20286.73836260397},"median_abs_dev":{"confidence_interval":{"confidence_level":0.95,"lower_bound":91634.129948169,"upper_bound":197049.9996079126},"point_estimate":144962.88035139441,"standard_error":25758.267406894374},"slope":null,"std_dev":{"confidence_interval":{"confidence_level":0.95,"lower_bound":160570.28903275874,"upper_bound":239003.23715838738},"point_estimate":200292.7299996108,"standard_error":20074.115762140154}}