{"mean":{"confidence_interval":{"confidence_level":0.95,"lower_bound":17988023.75183333,"upper_bound":18090401.400000006},"point_estimate":18037923.360000003,"standard_error":26170.996018813745},"median":{"confidence_interval":{"confidence_level":0.95,"lower_bound":17931802.0,"upper_bound":18037397.666666668},"point_estimate":17995442.666666664,"standard_error":20380.22857133562},"median_abs_dev":{"confidence_interval":{"confidence_level":0.95,"lower_bound":166118.4082508124,"upper_bound":305836.9000703115},"point_estimate":248697.74418473337,"standard_error":33030.171064270304},"slope":null,"std_dev":{"confidence_interval":{"confidence_level":0.95,"lower_bound":216119.6753617994,"upper_bound":304449.0646796989},"point_estimate":263271.78754576296,"standard_error":22546.555804383723}}