{"mean":{"confidence_interval":{"confidence_level":0.95,"lower_bound":-0.09364324562270299,"upper_bound":-0.0844158277565602},"point_estimate":-0.08903550106812996,"standard_error":0.002711042688273506},"median":{"confidence_interval":{"confidence_level":0.95,"lower_bound":-0.09387889764016799,"upper_bound":-0.08506127160474264},"point_estimate":-0.08923892929964028,"standard_error":0.0026888733470964202}}