{"mean":{"confidence_interval":{"confidence_level":0.95,"lower_bound":1116997.5309239407,"upper_bound":1122713.4303888914},"point_estimate":1119690.9841326273,"standard_error":1457.1470369648252},"median":{"confidence_interval":{"confidence_level":0.95,"lower_bound":1114469.5,"upper_bound":1119850.9375},"point_estimate":1117678.8001261035,"standard_error":1273.0892638003147},"median_abs_dev":{"confidence_interval":{"confidence_level":0.95,"lower_bound":7720.5358162663815,"upper_bound":14177.584959206297},"point_estimate":10889.47492791462,"standard_error":1735.8887489844865},"slope":{"confidence_interval":{"confidence_level":0.95,"lower_bound":1115594.991805236,"upper_bound":1125645.8608378367},"point_estimate":1120236.847976947,"standard_error":2564.688756846713},"std_dev":{"confidence_interval":{"confidence_level":0.95,"lower_bound":10040.906683427784,"upper_bound":19214.585469060206},"point_estimate":14664.785880597228,"standard_error":2385.63330458164}}