{"mean":{"confidence_interval":{"confidence_level":0.95,"lower_bound":14267619.384875001,"upper_bound":14311938.3636875},"point_estimate":14288929.065,"standard_error":11315.390011680605},"median":{"confidence_interval":{"confidence_level":0.95,"lower_bound":14249598.875,"upper_bound":14281489.75},"point_estimate":14262891.125,"standard_error":7173.840072954007},"median_abs_dev":{"confidence_interval":{"confidence_level":0.95,"lower_bound":49514.66004218907,"upper_bound":92602.0824059844},"point_estimate":63115.02217948437,"standard_error":11333.422181433802},"slope":null,"std_dev":{"confidence_interval":{"confidence_level":0.95,"lower_bound":89365.56153298287,"upper_bound":134453.99872483136},"point_estimate":113408.28245757357,"standard_error":11529.631959983491}}