{"mean":{"confidence_interval":{"confidence_level":0.95,"lower_bound":10214490.45685,"upper_bound":10265074.484000001},"point_estimate":10239053.540000003,"standard_error":12899.276213132558},"median":{"confidence_interval":{"confidence_level":0.95,"lower_bound":10158704.0,"upper_bound":10219563.3},"point_estimate":10174622.7,"standard_error":16245.7737048726},"median_abs_dev":{"confidence_interval":{"confidence_level":0.95,"lower_bound":38883.40820968151,"upper_bound":116366.85900257647},"point_estimate":62739.479606150475,"standard_error":20121.63609637872},"slope":null,"std_dev":{"confidence_interval":{"confidence_level":0.95,"lower_bound":108761.75791507881,"upper_bound":146338.51202736946},"point_estimate":129365.57951572596,"standard_error":9591.56372174972}}