{"mean":{"confidence_interval":{"confidence_level":0.95,"lower_bound":11894217.2512,"upper_bound":11971367.728000004},"point_estimate":11930717.731999995,"standard_error":19741.414683455907},"median":{"confidence_interval":{"confidence_level":0.95,"lower_bound":11840276.8,"upper_bound":11923055.5},"point_estimate":11874659.3,"standard_error":21409.175624567266},"median_abs_dev":{"confidence_interval":{"confidence_level":0.95,"lower_bound":104834.64413881302,"upper_bound":184007.26185321834},"point_estimate":149939.19009804807,"standard_error":19927.533940654634},"slope":null,"std_dev":{"confidence_interval":{"confidence_level":0.95,"lower_bound":140389.85802285708,"upper_bound":257914.5901427452},"point_estimate":198366.5432743799,"standard_error":30818.60220711807}}