{"mean":{"confidence_interval":{"confidence_level":0.95,"lower_bound":-0.06479132494908767,"upper_bound":-0.05870100093359987},"point_estimate":-0.061885820961657734,"standard_error":0.0015442890147601945},"median":{"confidence_interval":{"confidence_level":0.95,"lower_bound":-0.06874625337168916,"upper_bound":-0.06133417687012721},"point_estimate":-0.06636673350696709,"standard_error":0.0019467151887670197}}