{"mean":{"confidence_interval":{"confidence_level":0.95,"lower_bound":10959461.805900004,"upper_bound":11018991.214950003},"point_estimate":10988383.371999998,"standard_error":15165.989636520862},"median":{"confidence_interval":{"confidence_level":0.95,"lower_bound":10922137.2,"upper_bound":10985141.4},"point_estimate":10957080.7,"standard_error":14194.618733918376},"median_abs_dev":{"confidence_interval":{"confidence_level":0.95,"lower_bound":105025.60301542393,"upper_bound":172475.8957779413},"point_estimate":137298.69098245987,"standard_error":16788.565305856024},"slope":null,"std_dev":{"confidence_interval":{"confidence_level":0.95,"lower_bound":129306.25494077493,"upper_bound":171723.0885688811},"point_estimate":152126.11811384358,"standard_error":10839.692093453608}}