{"mean":{"confidence_interval":{"confidence_level":0.95,"lower_bound":5175904.732675002,"upper_bound":5438099.287524998},"point_estimate":5289736.010000001,"standard_error":68172.39457505879},"median":{"confidence_interval":{"confidence_level":0.95,"lower_bound":5165182.25,"upper_bound":5217919.9},"point_estimate":5192687.35,"standard_error":13187.858097044982},"median_abs_dev":{"confidence_interval":{"confidence_level":0.95,"lower_bound":122842.15515911634,"upper_bound":226353.20446492743},"point_estimate":159275.7893022899,"standard_error":26287.90713553843},"slope":null,"std_dev":{"confidence_interval":{"confidence_level":0.95,"lower_bound":191448.30668859303,"upper_bound":1026328.023731031},"point_estimate":686315.4679354083,"standard_error":217639.65401214277}}