{"mean":{"confidence_interval":{"confidence_level":0.95,"lower_bound":7.911422870492926e-7,"upper_bound":0.0051689630036852174},"point_estimate":0.0026307913003971173,"standard_error":0.0013206743220853007},"median":{"confidence_interval":{"confidence_level":0.95,"lower_bound":0.000011846510233944544,"upper_bound":0.007201316322169582},"point_estimate":0.003346143805750934,"standard_error":0.0017789256978221403}}