{"mean":{"confidence_interval":{"confidence_level":0.95,"lower_bound":113078.36261064679,"upper_bound":118088.67651690505},"point_estimate":115220.28452285536,"standard_error":1290.926712858398},"median":{"confidence_interval":{"confidence_level":0.95,"lower_bound":111702.13280517701,"upper_bound":113690.00564971751},"point_estimate":112373.25555555554,"standard_error":590.335078519564},"median_abs_dev":{"confidence_interval":{"confidence_level":0.95,"lower_bound":2890.8333896496674,"upper_bound":5589.719669498182},"point_estimate":3990.9266369104184,"standard_error":684.7609622709396},"slope":{"confidence_interval":{"confidence_level":0.95,"lower_bound":112879.9226108765,"upper_bound":123707.01781586056},"point_estimate":116760.90833686353,"standard_error":3044.951801785047},"std_dev":{"confidence_interval":{"confidence_level":0.95,"lower_bound":5693.281025199177,"upper_bound":19971.956457618853},"point_estimate":12957.861878481635,"standard_error":4182.751243658806}}