{"mean":{"confidence_interval":{"confidence_level":0.95,"lower_bound":14557416.7925,"upper_bound":14624751.005749999},"point_estimate":14590610.8725,"standard_error":17170.35699189449},"median":{"confidence_interval":{"confidence_level":0.95,"lower_bound":14568707.125,"upper_bound":14654602.25},"point_estimate":14599799.25,"standard_error":20499.57257427087},"median_abs_dev":{"confidence_interval":{"confidence_level":0.95,"lower_bound":128013.61212730408,"upper_bound":218919.60016340017},"point_estimate":190344.7095707059,"standard_error":22014.06733446133},"slope":null,"std_dev":{"confidence_interval":{"confidence_level":0.95,"lower_bound":147725.62394977658,"upper_bound":195222.17952755024},"point_estimate":172396.4055784899,"standard_error":12174.814402422393}}