{"mean":{"confidence_interval":{"confidence_level":0.95,"lower_bound":-0.10826530732204236,"upper_bound":-0.09860778817419463},"point_estimate":-0.10315736538320153,"standard_error":0.002468595215520722},"median":{"confidence_interval":{"confidence_level":0.95,"lower_bound":-0.10431220465461699,"upper_bound":-0.09689177241643254},"point_estimate":-0.10019083104175242,"standard_error":0.0018835323349957423}}