{"mean":{"confidence_interval":{"confidence_level":0.95,"lower_bound":13440736.7511875,"upper_bound":13503830.78775},"point_estimate":13472030.7125,"standard_error":16132.363437601305},"median":{"confidence_interval":{"confidence_level":0.95,"lower_bound":13418214.0,"upper_bound":13528715.0},"point_estimate":13475864.875,"standard_error":33805.17575177181},"median_abs_dev":{"confidence_interval":{"confidence_level":0.95,"lower_bound":142570.5199688673,"upper_bound":223207.64993727207},"point_estimate":182846.089553833,"standard_error":21170.80710135042},"slope":null,"std_dev":{"confidence_interval":{"confidence_level":0.95,"lower_bound":143442.50147628417,"upper_bound":178369.1523295857},"point_estimate":162029.06765275067,"standard_error":8922.728186069038}}