{"mean":{"confidence_interval":{"confidence_level":0.95,"lower_bound":103491.45656502192,"upper_bound":103999.98629796164},"point_estimate":103730.70893404014,"standard_error":129.65135288481105},"median":{"confidence_interval":{"confidence_level":0.95,"lower_bound":103090.6625,"upper_bound":103542.5988095238},"point_estimate":103229.75913978495,"standard_error":122.35043069995439},"median_abs_dev":{"confidence_interval":{"confidence_level":0.95,"lower_bound":386.0179519703456,"upper_bound":941.7588821739682},"point_estimate":579.3172910019323,"standard_error":139.35156400115577},"slope":{"confidence_interval":{"confidence_level":0.95,"lower_bound":103781.16278612685,"upper_bound":104433.3204445416},"point_estimate":104100.29653288015,"standard_error":166.94155237436075},"std_dev":{"confidence_interval":{"confidence_level":0.95,"lower_bound":886.1495477630127,"upper_bound":1771.4749671295847},"point_estimate":1317.8411893447105,"standard_error":233.8194897045173}}