{"mean":{"confidence_interval":{"confidence_level":0.95,"lower_bound":-0.044077815998380086,"upper_bound":0.02596056340256844},"point_estimate":-0.010265312854631947,"standard_error":0.01783792470852479},"median":{"confidence_interval":{"confidence_level":0.95,"lower_bound":-0.023580554662831377,"upper_bound":0.012888351623601357},"point_estimate":-0.006817615696515955,"standard_error":0.008706328106076331}}