{"mean":{"confidence_interval":{"confidence_level":0.95,"lower_bound":10846133.631250001,"upper_bound":10963901.022800002},"point_estimate":10898694.930000002,"standard_error":30200.443682647718},"median":{"confidence_interval":{"confidence_level":0.95,"lower_bound":10756153.0,"upper_bound":10826491.8},"point_estimate":10778670.7,"standard_error":15518.871222050773},"median_abs_dev":{"confidence_interval":{"confidence_level":0.95,"lower_bound":44828.78236412947,"upper_bound":138849.34229493086},"point_estimate":78498.18298637701,"standard_error":21965.676609984333},"slope":null,"std_dev":{"confidence_interval":{"confidence_level":0.95,"lower_bound":169915.68772019536,"upper_bound":443239.04173245555},"point_estimate":302970.9226697671,"standard_error":81177.52511536484}}