{"mean":{"confidence_interval":{"confidence_level":0.95,"lower_bound":-0.053347274345157035,"upper_bound":-0.04683674606217015},"point_estimate":-0.05015832647056906,"standard_error":0.001664502129173251},"median":{"confidence_interval":{"confidence_level":0.95,"lower_bound":-0.050160375843146254,"upper_bound":-0.04720656590255712},"point_estimate":-0.04850362911924999,"standard_error":0.0007745733312444085}}