{"mean":{"confidence_interval":{"confidence_level":0.95,"lower_bound":-0.10763245104593733,"upper_bound":-0.09791365057994794},"point_estimate":-0.10286246423900702,"standard_error":0.002553097812014142},"median":{"confidence_interval":{"confidence_level":0.95,"lower_bound":-0.11021101130190591,"upper_bound":-0.1010077869804833},"point_estimate":-0.10527962054686157,"standard_error":0.0025016334296312694}}