{"mean":{"confidence_interval":{"confidence_level":0.95,"lower_bound":0.08894754554107687,"upper_bound":0.10069795902154866},"point_estimate":0.09502270242412725,"standard_error":0.003009237561573047},"median":{"confidence_interval":{"confidence_level":0.95,"lower_bound":0.07813754434919562,"upper_bound":0.11078967582052845},"point_estimate":0.09216552789015231,"standard_error":0.009450698964904906}}