{"mean":{"confidence_interval":{"confidence_level":0.95,"lower_bound":68825.68635045063,"upper_bound":69128.92535046067},"point_estimate":68973.16293343814,"standard_error":77.29171036953987},"median":{"confidence_interval":{"confidence_level":0.95,"lower_bound":68593.1861111111,"upper_bound":68897.00666666667},"point_estimate":68672.29896521101,"standard_error":78.14668825831406},"median_abs_dev":{"confidence_interval":{"confidence_level":0.95,"lower_bound":431.5329946992521,"upper_bound":847.8146714625303},"point_estimate":584.554709368933,"standard_error":104.41827018620722},"slope":{"confidence_interval":{"confidence_level":0.95,"lower_bound":68644.33639068557,"upper_bound":69093.34638934207},"point_estimate":68854.33116930201,"standard_error":115.34490210842608},"std_dev":{"confidence_interval":{"confidence_level":0.95,"lower_bound":646.8253946620406,"upper_bound":884.7238226404461},"point_estimate":775.2423021400793,"standard_error":60.777593534533864}}