{"mean":{"confidence_interval":{"confidence_level":0.95,"lower_bound":-0.05775547708564985,"upper_bound":-0.045146955711544125},"point_estimate":-0.05156051972931941,"standard_error":0.0031992084179326813},"median":{"confidence_interval":{"confidence_level":0.95,"lower_bound":-0.060198977405016785,"upper_bound":-0.04912958087991446},"point_estimate":-0.05644054359896056,"standard_error":0.0029585989404526977}}