{"mean":{"confidence_interval":{"confidence_level":0.95,"lower_bound":0.03730177980466013,"upper_bound":0.046098379459769856},"point_estimate":0.04177775091813918,"standard_error":0.0022401014646206627},"median":{"confidence_interval":{"confidence_level":0.95,"lower_bound":0.04523007360923237,"upper_bound":0.05419013652079041},"point_estimate":0.052118510758198955,"standard_error":0.0021348849224936493}}