{"mean":{"confidence_interval":{"confidence_level":0.95,"lower_bound":10264234.87335,"upper_bound":10349259.964},"point_estimate":10302214.115999999,"standard_error":21782.073903200464},"median":{"confidence_interval":{"confidence_level":0.95,"lower_bound":10210549.6,"upper_bound":10288628.399999999},"point_estimate":10259076.0,"standard_error":21942.29224249791},"median_abs_dev":{"confidence_interval":{"confidence_level":0.95,"lower_bound":89232.05853581318,"upper_bound":179494.22753333935},"point_estimate":134535.12463152435,"standard_error":21960.169302579812},"slope":null,"std_dev":{"confidence_interval":{"confidence_level":0.95,"lower_bound":125079.46080787433,"upper_bound":325331.56868103886},"point_estimate":220179.49182093193,"standard_error":60679.443345329244}}