{"mean":{"confidence_interval":{"confidence_level":0.95,"lower_bound":11254632.54245,"upper_bound":11319628.341149999},"point_estimate":11285445.670000002,"standard_error":16587.227159339975},"median":{"confidence_interval":{"confidence_level":0.95,"lower_bound":11228471.2,"upper_bound":11258710.8},"point_estimate":11240205.2,"standard_error":7153.141895635636},"median_abs_dev":{"confidence_interval":{"confidence_level":0.95,"lower_bound":54460.82297162766,"upper_bound":121042.20466107239},"point_estimate":90226.88311815151,"standard_error":17619.614703174706},"slope":null,"std_dev":{"confidence_interval":{"confidence_level":0.95,"lower_bound":123838.35125097909,"upper_bound":209556.3999463462},"point_estimate":167346.79873667393,"standard_error":22056.396061058294}}