{"mean":{"confidence_interval":{"confidence_level":0.95,"lower_bound":0.08759121090518626,"upper_bound":0.09513435937605287},"point_estimate":0.09141205503481342,"standard_error":0.0019300960640140695},"median":{"confidence_interval":{"confidence_level":0.95,"lower_bound":0.08713886707646415,"upper_bound":0.09860850914207386},"point_estimate":0.09387148571029158,"standard_error":0.0033172279255496407}}