{"mean":{"confidence_interval":{"confidence_level":0.95,"lower_bound":1138021.3213037346,"upper_bound":1147227.9468163888},"point_estimate":1142053.7172640474,"standard_error":2380.5462242655026},"median":{"confidence_interval":{"confidence_level":0.95,"lower_bound":1130951.2464157706,"upper_bound":1137924.5925925926},"point_estimate":1132904.6607142857,"standard_error":1731.2494169332433},"median_abs_dev":{"confidence_interval":{"confidence_level":0.95,"lower_bound":4237.020206398386,"upper_bound":14560.03621486609},"point_estimate":7843.273071734198,"standard_error":2743.1655245270535},"slope":{"confidence_interval":{"confidence_level":0.95,"lower_bound":1139860.8090117832,"upper_bound":1150202.7575748314},"point_estimate":1144559.6688606474,"standard_error":2642.0186519022855},"std_dev":{"confidence_interval":{"confidence_level":0.95,"lower_bound":12454.457630690003,"upper_bound":36350.196191950505},"point_estimate":23993.889997176542,"standard_error":7454.259231547298}}