{"mean":{"confidence_interval":{"confidence_level":0.95,"lower_bound":14787637.93,"upper_bound":15799793.105999999},"point_estimate":15309685.27,"standard_error":256800.99433358802},"median":{"confidence_interval":{"confidence_level":0.95,"lower_bound":15517692.0,"upper_bound":16118745.875},"point_estimate":15632285.5,"standard_error":155237.9703894997},"median_abs_dev":{"confidence_interval":{"confidence_level":0.95,"lower_bound":1366262.5776439905,"upper_bound":2596054.7929108143},"point_estimate":1990050.2079695463,"standard_error":320505.4548964371},"slope":null,"std_dev":{"confidence_interval":{"confidence_level":0.95,"lower_bound":2149778.0629003104,"upper_bound":2946686.228285082},"point_estimate":2585791.453291072,"standard_error":202841.02048851608}}