{"mean":{"confidence_interval":{"confidence_level":0.95,"lower_bound":11876890.353650004,"upper_bound":11930147.964500006},"point_estimate":11902468.710000005,"standard_error":13614.799647628504},"median":{"confidence_interval":{"confidence_level":0.95,"lower_bound":11831520.0,"upper_bound":11907511.899999999},"point_estimate":11857100.8,"standard_error":19286.766378688902},"median_abs_dev":{"confidence_interval":{"confidence_level":0.95,"lower_bound":78177.79313206562,"upper_bound":144865.73298811857},"point_estimate":116381.13273382187,"standard_error":16296.98783748313},"slope":null,"std_dev":{"confidence_interval":{"confidence_level":0.95,"lower_bound":108299.67848648899,"upper_bound":164938.26041038375},"point_estimate":136527.24657950626,"standard_error":14523.322460020083}}