{"mean":{"confidence_interval":{"confidence_level":0.95,"lower_bound":13113478.752375001,"upper_bound":13196193.791562501},"point_estimate":13153764.23,"standard_error":21229.34278512128},"median":{"confidence_interval":{"confidence_level":0.95,"lower_bound":13032885.0,"upper_bound":13230842.25},"point_estimate":13082068.0,"standard_error":55567.61537155056},"median_abs_dev":{"confidence_interval":{"confidence_level":0.95,"lower_bound":152592.89579093456,"upper_bound":270877.68689095974},"point_estimate":224564.22891318798,"standard_error":31652.930496730933},"slope":null,"std_dev":{"confidence_interval":{"confidence_level":0.95,"lower_bound":177048.9423810279,"upper_bound":248324.87134618603},"point_estimate":213253.4355128273,"standard_error":18318.904723397023}}