{"mean":{"confidence_interval":{"confidence_level":0.95,"lower_bound":10003711.160299996,"upper_bound":10046575.496350003},"point_estimate":10023819.689999994,"standard_error":10935.816137679021},"median":{"confidence_interval":{"confidence_level":0.95,"lower_bound":9964792.4,"upper_bound":9998610.2},"point_estimate":9974134.4,"standard_error":8966.569664479422},"median_abs_dev":{"confidence_interval":{"confidence_level":0.95,"lower_bound":32328.981986045284,"upper_bound":79810.28396308256},"point_estimate":49752.348616719246,"standard_error":13396.367340412879},"slope":null,"std_dev":{"confidence_interval":{"confidence_level":0.95,"lower_bound":79990.68777838141,"upper_bound":143843.71426398944},"point_estimate":110311.69010407028,"standard_error":17274.64566214328}}