{"mean":{"confidence_interval":{"confidence_level":0.95,"lower_bound":-0.022405011091963946,"upper_bound":-0.00844980683190569},"point_estimate":-0.015340297775835898,"standard_error":0.003559979210804207},"median":{"confidence_interval":{"confidence_level":0.95,"lower_bound":-0.02297998542049917,"upper_bound":-0.00607842026971428},"point_estimate":-0.014388818485841726,"standard_error":0.004182318949198869}}