{"mean":{"confidence_interval":{"confidence_level":0.95,"lower_bound":0.006875699133800346,"upper_bound":0.020520458733086992},"point_estimate":0.013989164400490361,"standard_error":0.003495396569786086},"median":{"confidence_interval":{"confidence_level":0.95,"lower_bound":0.013686888687567622,"upper_bound":0.033242973445811064},"point_estimate":0.02491190359381168,"standard_error":0.005144260700450771}}