{"mean":{"confidence_interval":{"confidence_level":0.95,"lower_bound":0.021351212431296236,"upper_bound":0.02647274247965173},"point_estimate":0.023952827237586183,"standard_error":0.001306599135206005},"median":{"confidence_interval":{"confidence_level":0.95,"lower_bound":0.01729950624238752,"upper_bound":0.024387475241893462},"point_estimate":0.020053552499077032,"standard_error":0.001825483870032127}}