{"mean":{"confidence_interval":{"confidence_level":0.95,"lower_bound":9806079.439583331,"upper_bound":9899518.353541665},"point_estimate":9853752.54166667,"standard_error":23713.509062248395},"median":{"confidence_interval":{"confidence_level":0.95,"lower_bound":9892761.666666668,"upper_bound":9927725.333333334},"point_estimate":9914644.166666666,"standard_error":9272.059968182322},"median_abs_dev":{"confidence_interval":{"confidence_level":0.95,"lower_bound":61415.715509654015,"upper_bound":195013.1080128255},"point_estimate":105260.76808124689,"standard_error":36542.77801040329},"slope":null,"std_dev":{"confidence_interval":{"confidence_level":0.95,"lower_bound":202529.38582978857,"upper_bound":266210.7152463854},"point_estimate":237700.53193780244,"standard_error":16218.301117068697}}