{"mean":{"confidence_interval":{"confidence_level":0.95,"lower_bound":47361378.65825,"upper_bound":47512662.2},"point_estimate":47434020.18,"standard_error":38580.52884175128},"median":{"confidence_interval":{"confidence_level":0.95,"lower_bound":47234117.0,"upper_bound":47288491.75},"point_estimate":47257092.75,"standard_error":16656.6678823921},"median_abs_dev":{"confidence_interval":{"confidence_level":0.95,"lower_bound":65819.65518146753,"upper_bound":169331.44949376583},"point_estimate":111308.41692388058,"standard_error":29517.45235959557},"slope":null,"std_dev":{"confidence_interval":{"confidence_level":0.95,"lower_bound":296280.43987968244,"upper_bound":466000.6080289769},"point_estimate":387043.6461723098,"standard_error":43328.037437859035}}