{"mean":{"confidence_interval":{"confidence_level":0.95,"lower_bound":-0.015662824727164532,"upper_bound":0.024964023979072106},"point_estimate":0.0037139665069216843,"standard_error":0.010330154731631212},"median":{"confidence_interval":{"confidence_level":0.95,"lower_bound":-0.02784069072841533,"upper_bound":0.011408844859534861},"point_estimate":-0.010331854079237979,"standard_error":0.009201862571426581}}