{"mean":{"confidence_interval":{"confidence_level":0.95,"lower_bound":10049634.4775,"upper_bound":10104159.785849996},"point_estimate":10075875.941999996,"standard_error":13925.840293994022},"median":{"confidence_interval":{"confidence_level":0.95,"lower_bound":10004046.6,"upper_bound":10044186.0},"point_estimate":10021680.3,"standard_error":9270.434224312812},"median_abs_dev":{"confidence_interval":{"confidence_level":0.95,"lower_bound":56090.3152441984,"upper_bound":108639.14393126909},"point_estimate":76173.61448764856,"standard_error":13553.50121051888},"slope":null,"std_dev":{"confidence_interval":{"confidence_level":0.95,"lower_bound":111661.8176482192,"upper_bound":162432.41077295464},"point_estimate":139500.90542227385,"standard_error":12976.221202431763}}