{"mean":{"confidence_interval":{"confidence_level":0.95,"lower_bound":5724848.562222221,"upper_bound":5784878.2822222235},"point_estimate":5753546.845555555,"standard_error":15309.130558119337},"median":{"confidence_interval":{"confidence_level":0.95,"lower_bound":5677307.777777778,"upper_bound":5760357.111111111},"point_estimate":5704349.111111112,"standard_error":20954.229829659176},"median_abs_dev":{"confidence_interval":{"confidence_level":0.95,"lower_bound":76324.74084496452,"upper_bound":141214.8470262685},"point_estimate":109481.85375630717,"standard_error":16499.014551279324},"slope":null,"std_dev":{"confidence_interval":{"confidence_level":0.95,"lower_bound":118782.50095163696,"upper_bound":185051.15682685768},"point_estimate":154012.3323188456,"standard_error":16964.26165690109}}