{"mean":{"confidence_interval":{"confidence_level":0.95,"lower_bound":-0.010835222314828025,"upper_bound":0.009330403306586974},"point_estimate":-0.000655166767789872,"standard_error":0.005085780077493413},"median":{"confidence_interval":{"confidence_level":0.95,"lower_bound":-0.012040481719759799,"upper_bound":0.003940834247414315},"point_estimate":-0.006175024184758238,"standard_error":0.004389901995945959}}