{"mean":{"confidence_interval":{"confidence_level":0.95,"lower_bound":-0.02040478736272072,"upper_bound":-0.010644322113477425},"point_estimate":-0.015674996545918196,"standard_error":0.0024927250489280247},"median":{"confidence_interval":{"confidence_level":0.95,"lower_bound":-0.021472201412396585,"upper_bound":-0.012874059545832761},"point_estimate":-0.017621988775184172,"standard_error":0.0022049968829326765}}