{"mean":{"confidence_interval":{"confidence_level":0.95,"lower_bound":10030575.429049993,"upper_bound":10158197.643999996},"point_estimate":10085956.137999993,"standard_error":32874.53828983715},"median":{"confidence_interval":{"confidence_level":0.95,"lower_bound":10006781.6,"upper_bound":10082668.4},"point_estimate":10024557.3,"standard_error":22250.566812615118},"median_abs_dev":{"confidence_interval":{"confidence_level":0.95,"lower_bound":108036.91182196196,"upper_bound":184976.73397600595},"point_estimate":147629.15107905865,"standard_error":19680.594595812905},"slope":null,"std_dev":{"confidence_interval":{"confidence_level":0.95,"lower_bound":145746.5559866186,"upper_bound":507526.5863134901},"point_estimate":331356.87993913295,"standard_error":102776.76634296538}}