{"mean":{"confidence_interval":{"confidence_level":0.95,"lower_bound":-0.0647426828940734,"upper_bound":-0.05949284525170129},"point_estimate":-0.06235728345886493,"standard_error":0.001332451217137309},"median":{"confidence_interval":{"confidence_level":0.95,"lower_bound":-0.06878014435731317,"upper_bound":-0.06310491328268875},"point_estimate":-0.06653352520639089,"standard_error":0.0014955693684905445}}