{"mean":{"confidence_interval":{"confidence_level":0.95,"lower_bound":132837403.103,"upper_bound":133617669.7},"point_estimate":133215604.0,"standard_error":199641.2931895087},"median":{"confidence_interval":{"confidence_level":0.95,"lower_bound":132261237.0,"upper_bound":133079536.0},"point_estimate":132641141.0,"standard_error":206175.20154605986},"median_abs_dev":{"confidence_interval":{"confidence_level":0.95,"lower_bound":1011994.5726335049,"upper_bound":1956929.6658575535},"point_estimate":1470423.3800947666,"standard_error":258223.8828563875},"slope":null,"std_dev":{"confidence_interval":{"confidence_level":0.95,"lower_bound":1600545.4352073062,"upper_bound":2368567.2614380107},"point_estimate":2005751.731278567,"standard_error":196034.4643072641}}