{"mean":{"confidence_interval":{"confidence_level":0.95,"lower_bound":2844567.165305555,"upper_bound":2853802.4845277774},"point_estimate":2849124.7677777773,"standard_error":2354.2910160720226},"median":{"confidence_interval":{"confidence_level":0.95,"lower_bound":2837305.5555555555,"upper_bound":2851293.9444444445},"point_estimate":2843389.9166666665,"standard_error":3693.3125808378877},"median_abs_dev":{"confidence_interval":{"confidence_level":0.95,"lower_bound":16197.610629101056,"upper_bound":26773.387483011204},"point_estimate":21012.683510283474,"standard_error":2668.930022286608},"slope":null,"std_dev":{"confidence_interval":{"confidence_level":0.95,"lower_bound":19803.953151130478,"upper_bound":27189.079882930386},"point_estimate":23659.490519776755,"standard_error":1886.3372183413917}}