{"mean":{"confidence_interval":{"confidence_level":0.95,"lower_bound":11595848.787999999,"upper_bound":11718887.261300001},"point_estimate":11657399.238,"standard_error":31311.122339951853},"median":{"confidence_interval":{"confidence_level":0.95,"lower_bound":11682897.4,"upper_bound":11763021.3},"point_estimate":11700741.1,"standard_error":18833.45981046994},"median_abs_dev":{"confidence_interval":{"confidence_level":0.95,"lower_bound":116634.65732932091,"upper_bound":210038.455671072},"point_estimate":165930.36515414715,"standard_error":24582.144761670905},"slope":null,"std_dev":{"confidence_interval":{"confidence_level":0.95,"lower_bound":248629.77888553834,"upper_bound":380700.59662197693},"point_estimate":313400.7254231717,"standard_error":33967.789700715795}}