{"mean":{"confidence_interval":{"confidence_level":0.95,"lower_bound":68229294.75,"upper_bound":68641831.48875},"point_estimate":68419420.7,"standard_error":104996.73420188189},"median":{"confidence_interval":{"confidence_level":0.95,"lower_bound":68159684.0,"upper_bound":68650318.0},"point_estimate":68544005.0,"standard_error":118143.11805377992},"median_abs_dev":{"confidence_interval":{"confidence_level":0.95,"lower_bound":498378.946352005,"upper_bound":946605.9833943844},"point_estimate":740420.805054903,"standard_error":113499.03132585894},"slope":null,"std_dev":{"confidence_interval":{"confidence_level":0.95,"lower_bound":677550.6403439486,"upper_bound":1505037.4543103683},"point_estimate":1054373.6056812129,"standard_error":250140.51629906858}}