{"mean":{"confidence_interval":{"confidence_level":0.95,"lower_bound":-0.0005658700154363258,"upper_bound":0.00510216799734236},"point_estimate":0.0021140304444207114,"standard_error":0.001449450610230416},"median":{"confidence_interval":{"confidence_level":0.95,"lower_bound":-0.00246976256403687,"upper_bound":0.006820046351496467},"point_estimate":0.003965793191284206,"standard_error":0.0024645256064157544}}