{"mean":{"confidence_interval":{"confidence_level":0.95,"lower_bound":-0.013676041482192477,"upper_bound":-0.006147024445318475},"point_estimate":-0.010382538373671646,"standard_error":0.0019173705297968937},"median":{"confidence_interval":{"confidence_level":0.95,"lower_bound":-0.015950757698433238,"upper_bound":-0.01069930931139873},"point_estimate":-0.013740056904505416,"standard_error":0.0013816202046931408}}