{"mean":{"confidence_interval":{"confidence_level":0.95,"lower_bound":1724408644.0095,"upper_bound":1734158154.157},"point_estimate":1729376100.35,"standard_error":2493582.008569771},"median":{"confidence_interval":{"confidence_level":0.95,"lower_bound":1731762111.0,"upper_bound":1742777782.0},"point_estimate":1737639460.5,"standard_error":2897435.3076633476},"median_abs_dev":{"confidence_interval":{"confidence_level":0.95,"lower_bound":12896757.625436783,"upper_bound":27746815.64172305},"point_estimate":17742586.71360612,"standard_error":3863608.447201922},"slope":null,"std_dev":{"confidence_interval":{"confidence_level":0.95,"lower_bound":21626602.48185917,"upper_bound":27905322.10386168},"point_estimate":25059068.779670894,"standard_error":1598180.100523437}}