{"mean":{"confidence_interval":{"confidence_level":0.95,"lower_bound":73.21590457909745,"upper_bound":73.65760216040606},"point_estimate":73.4152901016534,"standard_error":0.11341259730584394},"median":{"confidence_interval":{"confidence_level":0.95,"lower_bound":73.01393490172885,"upper_bound":73.38571961819443},"point_estimate":73.25610304627682,"standard_error":0.09856669800701942},"median_abs_dev":{"confidence_interval":{"confidence_level":0.95,"lower_bound":0.5710995826533832,"upper_bound":0.9124401021120169},"point_estimate":0.784883011947591,"standard_error":0.09044576269592433},"slope":{"confidence_interval":{"confidence_level":0.95,"lower_bound":73.22297206250359,"upper_bound":74.07785903747536},"point_estimate":73.60881160086058,"standard_error":0.21975896996498354},"std_dev":{"confidence_interval":{"confidence_level":0.95,"lower_bound":0.6852404957290613,"upper_bound":1.6310691451176058},"point_estimate":1.15097216176588,"standard_error":0.2560468918700228}}