{"mean":{"confidence_interval":{"confidence_level":0.95,"lower_bound":-0.0522040444464805,"upper_bound":-0.045186507355157265},"point_estimate":-0.04887469727254623,"standard_error":0.0017910234051351527},"median":{"confidence_interval":{"confidence_level":0.95,"lower_bound":-0.049615146412181566,"upper_bound":-0.043817411299832965},"point_estimate":-0.045403712300512766,"standard_error":0.0014471767119597363}}