{"mean":{"confidence_interval":{"confidence_level":0.95,"lower_bound":2994418.1911764718,"upper_bound":3016328.2806029404},"point_estimate":3004201.1699999995,"standard_error":5599.755086638948},"median":{"confidence_interval":{"confidence_level":0.95,"lower_bound":2986421.411764706,"upper_bound":3000400.588235294},"point_estimate":2990898.7352941176,"standard_error":3378.815987135271},"median_abs_dev":{"confidence_interval":{"confidence_level":0.95,"lower_bound":18946.101457756948,"upper_bound":35662.59058450931},"point_estimate":28886.716251864214,"standard_error":4397.810573922991},"slope":null,"std_dev":{"confidence_interval":{"confidence_level":0.95,"lower_bound":31979.39690202811,"upper_bound":83512.8221666503},"point_estimate":56431.25786881904,"standard_error":15726.244119911395}}