{"mean":{"confidence_interval":{"confidence_level":0.95,"lower_bound":5249037.852999999,"upper_bound":5641011.753549998},"point_estimate":5427995.920999998,"standard_error":100314.65879594583},"median":{"confidence_interval":{"confidence_level":0.95,"lower_bound":5109690.5,"upper_bound":5219673.0},"point_estimate":5170211.6,"standard_error":25591.18693568983},"median_abs_dev":{"confidence_interval":{"confidence_level":0.95,"lower_bound":155242.4502038957,"upper_bound":265438.1758475305},"point_estimate":190479.70029830906,"standard_error":29121.54521061982},"slope":null,"std_dev":{"confidence_interval":{"confidence_level":0.95,"lower_bound":642788.2865517347,"upper_bound":1302007.9088564457},"point_estimate":1011239.0400000495,"standard_error":167813.55201441995}}