{"mean":{"confidence_interval":{"confidence_level":0.95,"lower_bound":114492506.91274999,"upper_bound":115467526.70175},"point_estimate":114976259.02,"standard_error":249025.49907350962},"median":{"confidence_interval":{"confidence_level":0.95,"lower_bound":115157074.0,"upper_bound":115783101.0},"point_estimate":115395931.0,"standard_error":155663.43099281495},"median_abs_dev":{"confidence_interval":{"confidence_level":0.95,"lower_bound":1141028.2135426998,"upper_bound":2507043.938291073},"point_estimate":1835817.5566077232,"standard_error":334089.0158302417},"slope":null,"std_dev":{"confidence_interval":{"confidence_level":0.95,"lower_bound":2060288.859940097,"upper_bound":3011636.2103488473},"point_estimate":2517686.63407737,"standard_error":248970.7987464788}}