{"mean":{"confidence_interval":{"confidence_level":0.95,"lower_bound":114425280.11524999,"upper_bound":115101451.15},"point_estimate":114736004.22,"standard_error":173060.014422784},"median":{"confidence_interval":{"confidence_level":0.95,"lower_bound":113918526.5,"upper_bound":114473129.0},"point_estimate":114184893.0,"standard_error":147540.2335205554},"median_abs_dev":{"confidence_interval":{"confidence_level":0.95,"lower_bound":656144.5593211056,"upper_bound":1284136.1760020256},"point_estimate":952935.2026820183,"standard_error":168354.4435122467},"slope":null,"std_dev":{"confidence_interval":{"confidence_level":0.95,"lower_bound":1072718.7524847388,"upper_bound":2453949.235125567},"point_estimate":1740227.0184731449,"standard_error":385111.06234035135}}