{"mean":{"confidence_interval":{"confidence_level":0.95,"lower_bound":11407705.475100001,"upper_bound":11438998.588},"point_estimate":11422827.500000002,"standard_error":7971.471449412966},"median":{"confidence_interval":{"confidence_level":0.95,"lower_bound":11391092.4,"upper_bound":11417333.1},"point_estimate":11403575.6,"standard_error":7209.073408907104},"median_abs_dev":{"confidence_interval":{"confidence_level":0.95,"lower_bound":42233.04633021465,"upper_bound":76262.27396607427},"point_estimate":60234.478690623684,"standard_error":8839.39588637776},"slope":null,"std_dev":{"confidence_interval":{"confidence_level":0.95,"lower_bound":61103.447467237784,"upper_bound":97622.97002815161},"point_estimate":80114.80280218841,"standard_error":9374.684232078487}}