{"mean":{"confidence_interval":{"confidence_level":0.95,"lower_bound":68447476.18,"upper_bound":69149100.22549999},"point_estimate":68800544.65,"standard_error":178784.4706807344},"median":{"confidence_interval":{"confidence_level":0.95,"lower_bound":69680449.0,"upper_bound":69742402.0},"point_estimate":69715778.0,"standard_error":115053.43283754848},"median_abs_dev":{"confidence_interval":{"confidence_level":0.95,"lower_bound":447095.8132624626,"upper_bound":2425170.31994462},"point_estimate":813532.9988569021,"standard_error":545356.7554794456},"slope":null,"std_dev":{"confidence_interval":{"confidence_level":0.95,"lower_bound":1653302.3177325013,"upper_bound":1929169.7049717824},"point_estimate":1807924.0038804272,"standard_error":69981.41324561184}}