{"mean":{"confidence_interval":{"confidence_level":0.95,"lower_bound":0.03299637004773003,"upper_bound":0.03885183668508688},"point_estimate":0.03600691397035316,"standard_error":0.0014811108094393483},"median":{"confidence_interval":{"confidence_level":0.95,"lower_bound":0.027175903097993226,"upper_bound":0.03611849166107817},"point_estimate":0.030947324923271458,"standard_error":0.0022001731281295397}}