{"mean":{"confidence_interval":{"confidence_level":0.95,"lower_bound":-0.06943193536909198,"upper_bound":-0.059754088114470916},"point_estimate":-0.06494564739630515,"standard_error":0.002446393641079387},"median":{"confidence_interval":{"confidence_level":0.95,"lower_bound":-0.07325405774205118,"upper_bound":-0.0653653026047144},"point_estimate":-0.06971342109309242,"standard_error":0.001965160492173179}}