{"mean":{"confidence_interval":{"confidence_level":0.95,"lower_bound":0.04565219690543242,"upper_bound":0.05218788541622979},"point_estimate":0.048993957872091265,"standard_error":0.001667462760031589},"median":{"confidence_interval":{"confidence_level":0.95,"lower_bound":0.04986975543178973,"upper_bound":0.05655430251246126},"point_estimate":0.053717820333420985,"standard_error":0.0017449528675770624}}