{"mean":{"confidence_interval":{"confidence_level":0.95,"lower_bound":673196.6496560645,"upper_bound":677414.1370441478},"point_estimate":675278.0302337399,"standard_error":1076.6600044417542},"median":{"confidence_interval":{"confidence_level":0.95,"lower_bound":670068.8572825025,"upper_bound":676816.725},"point_estimate":672844.9525162338,"standard_error":2123.8461247198925},"median_abs_dev":{"confidence_interval":{"confidence_level":0.95,"lower_bound":7908.917148415853,"upper_bound":13340.702846886623},"point_estimate":9997.05521848326,"standard_error":1496.7723113439095},"slope":{"confidence_interval":{"confidence_level":0.95,"lower_bound":671936.209815987,"upper_bound":676994.4625458576},"point_estimate":674321.50608837,"standard_error":1291.2748950194068},"std_dev":{"confidence_interval":{"confidence_level":0.95,"lower_bound":9025.53889614056,"upper_bound":12487.596394751406},"point_estimate":10867.941750547632,"standard_error":887.4389379789221}}