{"mean":{"confidence_interval":{"confidence_level":0.95,"lower_bound":790103.6118753401,"upper_bound":801337.7015326578},"point_estimate":795517.7756373401,"standard_error":2858.6277602086575},"median":{"confidence_interval":{"confidence_level":0.95,"lower_bound":783664.8369565217,"upper_bound":791913.0666666667},"point_estimate":788000.8747516145,"standard_error":2280.8103533457206},"median_abs_dev":{"confidence_interval":{"confidence_level":0.95,"lower_bound":11232.90979072023,"upper_bound":23742.32586317694},"point_estimate":17079.607560293116,"standard_error":3251.733048630292},"slope":{"confidence_interval":{"confidence_level":0.95,"lower_bound":792198.6704628055,"upper_bound":805152.7394226651},"point_estimate":798321.0734771686,"standard_error":3312.860925598629},"std_dev":{"confidence_interval":{"confidence_level":0.95,"lower_bound":22185.165147171647,"upper_bound":34439.16101712623},"point_estimate":28771.315340218945,"standard_error":3133.2922280495404}}