{"mean":{"confidence_interval":{"confidence_level":0.95,"lower_bound":0.013519631019958678,"upper_bound":0.0223013198863338},"point_estimate":0.01774107057873575,"standard_error":0.002219826824244905},"median":{"confidence_interval":{"confidence_level":0.95,"lower_bound":0.020968248578563387,"upper_bound":0.02982124692246213},"point_estimate":0.02772624349015107,"standard_error":0.002235487398896513}}