{"mean":{"confidence_interval":{"confidence_level":0.95,"lower_bound":0.0064408818165051,"upper_bound":0.015887019790240344},"point_estimate":0.01099542249222396,"standard_error":0.002407017159067419},"median":{"confidence_interval":{"confidence_level":0.95,"lower_bound":0.011373131047338614,"upper_bound":0.018058494701149508},"point_estimate":0.01559488583554458,"standard_error":0.0017069610151052}}