{"mean":{"confidence_interval":{"confidence_level":0.95,"lower_bound":797724.1769429503,"upper_bound":811498.9287347121},"point_estimate":804270.0740914397,"standard_error":3520.348864329891},"median":{"confidence_interval":{"confidence_level":0.95,"lower_bound":791450.3246753247,"upper_bound":798594.3522727273},"point_estimate":794862.5886863426,"standard_error":1720.031973250189},"median_abs_dev":{"confidence_interval":{"confidence_level":0.95,"lower_bound":12121.785960009052,"upper_bound":22390.397529981907},"point_estimate":16487.26848282967,"standard_error":2585.2818084570763},"slope":{"confidence_interval":{"confidence_level":0.95,"lower_bound":796957.1385748705,"upper_bound":811698.9725268893},"point_estimate":803899.4064681543,"standard_error":3767.819221739299},"std_dev":{"confidence_interval":{"confidence_level":0.95,"lower_bound":26177.934160186913,"upper_bound":43482.85995014942},"point_estimate":35369.05167528725,"standard_error":4418.470104643809}}