{"mean":{"confidence_interval":{"confidence_level":0.95,"lower_bound":-0.01874703447420699,"upper_bound":0.056641389154320265},"point_estimate":0.017283140576746625,"standard_error":0.01920675577694783},"median":{"confidence_interval":{"confidence_level":0.95,"lower_bound":-0.000981400621918871,"upper_bound":0.020215978954786218},"point_estimate":0.009206095175525286,"standard_error":0.005524650730571785}}