{"mean":{"confidence_interval":{"confidence_level":0.95,"lower_bound":-0.04894790894222077,"upper_bound":-0.038653879470987244},"point_estimate":-0.043646946708520984,"standard_error":0.0026605132954594527},"median":{"confidence_interval":{"confidence_level":0.95,"lower_bound":-0.059360136589616364,"upper_bound":-0.04774489060801001},"point_estimate":-0.05440930390056897,"standard_error":0.0028477176880708373}}