{"mean":{"confidence_interval":{"confidence_level":0.95,"lower_bound":-0.0024626730132155756,"upper_bound":0.005649273767414087},"point_estimate":0.0014998612247101306,"standard_error":0.002072234453943569},"median":{"confidence_interval":{"confidence_level":0.95,"lower_bound":-0.002044739603747514,"upper_bound":0.0041285184404338945},"point_estimate":-0.00006238371538935805,"standard_error":0.001605874681345681}}