{"mean":{"confidence_interval":{"confidence_level":0.95,"lower_bound":6941731.86684375,"upper_bound":6984852.30728125},"point_estimate":6962783.275,"standard_error":10992.734399040017},"median":{"confidence_interval":{"confidence_level":0.95,"lower_bound":6901419.375,"upper_bound":6965471.125},"point_estimate":6924738.4375,"standard_error":15088.351237946265},"median_abs_dev":{"confidence_interval":{"confidence_level":0.95,"lower_bound":68663.09660598636,"upper_bound":126014.3260627985},"point_estimate":99512.38822080195,"standard_error":14231.40859747327},"slope":null,"std_dev":{"confidence_interval":{"confidence_level":0.95,"lower_bound":93560.2256333109,"upper_bound":125261.35828321036},"point_estimate":110694.79621938911,"standard_error":8070.268023999036}}