{"mean":{"confidence_interval":{"confidence_level":0.95,"lower_bound":944731.9413396254,"upper_bound":951582.1556781055},"point_estimate":948065.2759141263,"standard_error":1742.6641443702708},"median":{"confidence_interval":{"confidence_level":0.95,"lower_bound":940970.1018518519,"upper_bound":945315.95},"point_estimate":943433.9849429324,"standard_error":1230.46592373665},"median_abs_dev":{"confidence_interval":{"confidence_level":0.95,"lower_bound":5433.321188539232,"upper_bound":12488.062267316956},"point_estimate":8531.483969048704,"standard_error":1843.3204400951468},"slope":{"confidence_interval":{"confidence_level":0.95,"lower_bound":938969.7141981133,"upper_bound":950602.452793567},"point_estimate":944509.3934683021,"standard_error":2962.4673522675407},"std_dev":{"confidence_interval":{"confidence_level":0.95,"lower_bound":13650.504432547323,"upper_bound":21410.18994818383},"point_estimate":17545.63966008238,"standard_error":1999.4768965620096}}