{"mean":{"confidence_interval":{"confidence_level":0.95,"lower_bound":155807.49105802766,"upper_bound":157570.18669762413},"point_estimate":156651.2970393694,"standard_error":446.03355595338786},"median":{"confidence_interval":{"confidence_level":0.95,"lower_bound":155854.86522536818,"upper_bound":157460.66666666666},"point_estimate":156707.13365250645,"standard_error":412.9539105171594},"median_abs_dev":{"confidence_interval":{"confidence_level":0.95,"lower_bound":3002.581271368868,"upper_bound":4673.743789851197},"point_estimate":3951.654044750944,"standard_error":442.8091548796011},"slope":{"confidence_interval":{"confidence_level":0.95,"lower_bound":156394.90885825257,"upper_bound":158905.68127812538},"point_estimate":157517.6381958665,"standard_error":644.4931113934372},"std_dev":{"confidence_interval":{"confidence_level":0.95,"lower_bound":3221.6738264533897,"upper_bound":5933.73381563343},"point_estimate":4471.7650112361,"standard_error":751.4599819532488}}