{"mean":{"confidence_interval":{"confidence_level":0.95,"lower_bound":130855.55579701865,"upper_bound":131293.44376243677},"point_estimate":131071.41675988479,"standard_error":111.31359293407938},"median":{"confidence_interval":{"confidence_level":0.95,"lower_bound":130487.83899456522,"upper_bound":131129.1330128205},"point_estimate":130731.18667140152,"standard_error":121.55636065766592},"median_abs_dev":{"confidence_interval":{"confidence_level":0.95,"lower_bound":723.54724745852,"upper_bound":1336.5694667053176},"point_estimate":968.2129250901942,"standard_error":138.49585929714985},"slope":{"confidence_interval":{"confidence_level":0.95,"lower_bound":130782.04003140169,"upper_bound":131353.03353696963},"point_estimate":131051.7433892419,"standard_error":146.03973455694052},"std_dev":{"confidence_interval":{"confidence_level":0.95,"lower_bound":958.0884917442777,"upper_bound":1242.945343426828},"point_estimate":1115.2613067496552,"standard_error":72.62711320171125}}