{"mean":{"confidence_interval":{"confidence_level":0.95,"lower_bound":0.008080494648193054,"upper_bound":0.013274247326550647},"point_estimate":0.010760489540332152,"standard_error":0.0013211966806095554},"median":{"confidence_interval":{"confidence_level":0.95,"lower_bound":0.00840575880901917,"upper_bound":0.012361446431664154},"point_estimate":0.010269008255806789,"standard_error":0.001026497514512518}}