{"mean":{"confidence_interval":{"confidence_level":0.95,"lower_bound":10290358.687999997,"upper_bound":10366765.4458},"point_estimate":10321131.632000003,"standard_error":20007.158046162353},"median":{"confidence_interval":{"confidence_level":0.95,"lower_bound":10271035.8,"upper_bound":10297663.4},"point_estimate":10279377.3,"standard_error":7050.28213215791},"median_abs_dev":{"confidence_interval":{"confidence_level":0.95,"lower_bound":54398.66867423113,"upper_bound":88982.62220974105},"point_estimate":70155.59293448897,"standard_error":8306.772020314944},"slope":null,"std_dev":{"confidence_interval":{"confidence_level":0.95,"lower_bound":70588.68644940617,"upper_bound":329902.2040241319},"point_estimate":203263.02559265465,"standard_error":85543.86159414609}}