{"mean":{"confidence_interval":{"confidence_level":0.95,"lower_bound":18636810.07666666,"upper_bound":19884513.06616666},"point_estimate":19195696.81,"standard_error":321780.2846280554},"median":{"confidence_interval":{"confidence_level":0.95,"lower_bound":18427685.666666668,"upper_bound":18604969.0},"point_estimate":18504322.333333332,"standard_error":44146.24118436763},"median_abs_dev":{"confidence_interval":{"confidence_level":0.95,"lower_bound":296561.0133349914,"upper_bound":557039.0027105827},"point_estimate":464295.9497570973,"standard_error":70995.70623649382},"slope":null,"std_dev":{"confidence_interval":{"confidence_level":0.95,"lower_bound":1591403.5166257184,"upper_bound":4519749.405393384},"point_estimate":3250478.4047022895,"standard_error":785131.9651377983}}