{"mean":{"confidence_interval":{"confidence_level":0.95,"lower_bound":17930247.550416667,"upper_bound":18062062.43525},"point_estimate":17992795.77,"standard_error":33727.081558401915},"median":{"confidence_interval":{"confidence_level":0.95,"lower_bound":17805346.666666668,"upper_bound":17956122.0},"point_estimate":17836861.666666664,"standard_error":34380.28848801882},"median_abs_dev":{"confidence_interval":{"confidence_level":0.95,"lower_bound":93541.69867180745,"upper_bound":266645.6052660887},"point_estimate":150805.1273226701,"standard_error":42241.43917064336},"slope":null,"std_dev":{"confidence_interval":{"confidence_level":0.95,"lower_bound":248205.23023973036,"upper_bound":424137.9772262688},"point_estimate":338506.2577235154,"standard_error":45409.19328490292}}