{"mean":{"confidence_interval":{"confidence_level":0.95,"lower_bound":67274286.48799999,"upper_bound":67684318.866},"point_estimate":67471825.48,"standard_error":104504.26760565689},"median":{"confidence_interval":{"confidence_level":0.95,"lower_bound":66875811.0,"upper_bound":67143403.0},"point_estimate":67053059.0,"standard_error":74145.87615521003},"median_abs_dev":{"confidence_interval":{"confidence_level":0.95,"lower_bound":285397.2702781857,"upper_bound":656432.2578459978},"point_estimate":478793.059399724,"standard_error":98788.11249234756},"slope":null,"std_dev":{"confidence_interval":{"confidence_level":0.95,"lower_bound":822937.9935972109,"upper_bound":1243915.417015936},"point_estimate":1049229.8575597042,"standard_error":107787.55165436876}}