{"mean":{"confidence_interval":{"confidence_level":0.95,"lower_bound":123016517.50850001,"upper_bound":123725192.8},"point_estimate":123358565.27,"standard_error":180681.05093529017},"median":{"confidence_interval":{"confidence_level":0.95,"lower_bound":122357074.0,"upper_bound":123076092.5},"point_estimate":122638390.0,"standard_error":185135.14471452564},"median_abs_dev":{"confidence_interval":{"confidence_level":0.95,"lower_bound":802423.8772541285,"upper_bound":1696759.3159765005},"point_estimate":1139561.1808687449,"standard_error":229699.81781783237},"slope":null,"std_dev":{"confidence_interval":{"confidence_level":0.95,"lower_bound":1456713.992749079,"upper_bound":2134053.121212908},"point_estimate":1814023.425759218,"standard_error":172837.42465565813}}