{"mean":{"confidence_interval":{"confidence_level":0.95,"lower_bound":2925023.53148611,"upper_bound":2944295.1131250006},"point_estimate":2933779.377777778,"standard_error":4906.281216601543},"median":{"confidence_interval":{"confidence_level":0.95,"lower_bound":2912385.277777778,"upper_bound":2939259.361111111},"point_estimate":2925791.222222222,"standard_error":7183.756754668371},"median_abs_dev":{"confidence_interval":{"confidence_level":0.95,"lower_bound":27405.03684679675,"upper_bound":44510.28694311809},"point_estimate":35657.64131695032,"standard_error":4250.221611924767},"slope":null,"std_dev":{"confidence_interval":{"confidence_level":0.95,"lower_bound":31630.84545521487,"upper_bound":69375.17276884659},"point_estimate":49126.57069695594,"standard_error":11220.367815235777}}