{"mean":{"confidence_interval":{"confidence_level":0.95,"lower_bound":11260038.00665,"upper_bound":11292126.996},"point_estimate":11275369.562000005,"standard_error":8201.784514283865},"median":{"confidence_interval":{"confidence_level":0.95,"lower_bound":11237667.0,"upper_bound":11262471.6},"point_estimate":11249627.7,"standard_error":6145.852711339624},"median_abs_dev":{"confidence_interval":{"confidence_level":0.95,"lower_bound":36414.92002500814,"upper_bound":64560.40889382418},"point_estimate":51000.84605455343,"standard_error":7340.554416576983},"slope":null,"std_dev":{"confidence_interval":{"confidence_level":0.95,"lower_bound":62746.36799967875,"upper_bound":100839.4328646371},"point_estimate":82262.78581746832,"standard_error":9766.856112601577}}