{"mean":{"confidence_interval":{"confidence_level":0.95,"lower_bound":45883799.64125,"upper_bound":46070892.307125},"point_estimate":45973787.455,"standard_error":47529.09622698739},"median":{"confidence_interval":{"confidence_level":0.95,"lower_bound":45673313.5,"upper_bound":45824035.5},"point_estimate":45726492.75,"standard_error":46555.07616727572},"median_abs_dev":{"confidence_interval":{"confidence_level":0.95,"lower_bound":70596.22164666653,"upper_bound":275399.61681067944},"point_estimate":144721.0312306881,"standard_error":58312.99929800571},"slope":null,"std_dev":{"confidence_interval":{"confidence_level":0.95,"lower_bound":384042.9074284592,"upper_bound":550682.7703880265},"point_estimate":475157.56178160827,"standard_error":42441.816584081855}}