{"mean":{"confidence_interval":{"confidence_level":0.95,"lower_bound":11385887.387749998,"upper_bound":11543283.397800002},"point_estimate":11464811.342,"standard_error":40224.32320258765},"median":{"confidence_interval":{"confidence_level":0.95,"lower_bound":11490184.2,"upper_bound":11570611.3},"point_estimate":11516928.0,"standard_error":21920.697567125317},"median_abs_dev":{"confidence_interval":{"confidence_level":0.95,"lower_bound":126323.11457231495,"upper_bound":350395.30561924033},"point_estimate":186665.56360602268,"standard_error":52584.399307943626},"slope":null,"std_dev":{"confidence_interval":{"confidence_level":0.95,"lower_bound":338912.80884575,"upper_bound":464364.2171557737},"point_estimate":404082.1694322046,"standard_error":32092.445506015647}}