{"mean":{"confidence_interval":{"confidence_level":0.95,"lower_bound":-0.14377450713034423,"upper_bound":-0.12672494116019906},"point_estimate":-0.13537082973378423,"standard_error":0.005423966317431562},"median":{"confidence_interval":{"confidence_level":0.95,"lower_bound":-0.1451811711180252,"upper_bound":-0.12580030427199584},"point_estimate":-0.1372973190217316,"standard_error":0.005684175967462638}}