{"mean":{"confidence_interval":{"confidence_level":0.95,"lower_bound":-0.00960553007108977,"upper_bound":0.008833483383129661},"point_estimate":-0.00027608554181135503,"standard_error":0.004690515453604457},"median":{"confidence_interval":{"confidence_level":0.95,"lower_bound":-0.0022663996497001015,"upper_bound":0.013982471817471032},"point_estimate":0.007416019495893877,"standard_error":0.004048522389750391}}