{"mean":{"confidence_interval":{"confidence_level":0.95,"lower_bound":-0.1432719997732128,"upper_bound":-0.11546435543971478},"point_estimate":-0.12996010949440584,"standard_error":0.007894727895672395},"median":{"confidence_interval":{"confidence_level":0.95,"lower_bound":-0.13735091973266722,"upper_bound":-0.11184997005991526},"point_estimate":-0.12600508833729995,"standard_error":0.007560005350273582}}