{"mean":{"confidence_interval":{"confidence_level":0.95,"lower_bound":12824028.18,"upper_bound":12888305.9313125},"point_estimate":12855330.84,"standard_error":16422.369761731676},"median":{"confidence_interval":{"confidence_level":0.95,"lower_bound":12783096.0,"upper_bound":12864842.625},"point_estimate":12832906.5,"standard_error":19630.776129312275},"median_abs_dev":{"confidence_interval":{"confidence_level":0.95,"lower_bound":101756.76659345627,"upper_bound":177747.05759435892},"point_estimate":133686.03962659836,"standard_error":20038.170098968196},"slope":null,"std_dev":{"confidence_interval":{"confidence_level":0.95,"lower_bound":133855.38894906317,"upper_bound":194783.91697028233},"point_estimate":165926.10700157733,"standard_error":15591.744839930847}}