{"mean":{"confidence_interval":{"confidence_level":0.95,"lower_bound":5791210172.55175,"upper_bound":5845606186.02},"point_estimate":5817941331.24,"standard_error":13882730.850317102},"median":{"confidence_interval":{"confidence_level":0.95,"lower_bound":5739768758.0,"upper_bound":5827010756.0},"point_estimate":5764699051.0,"standard_error":25525966.275129374},"median_abs_dev":{"confidence_interval":{"confidence_level":0.95,"lower_bound":91519082.74769652,"upper_bound":193886394.7962284},"point_estimate":129684540.84523916,"standard_error":27866404.295670837},"slope":null,"std_dev":{"confidence_interval":{"confidence_level":0.95,"lower_bound":120562658.89896147,"upper_bound":157924655.83474427},"point_estimate":138974234.35372958,"standard_error":9594312.961576648}}