{"mean":{"confidence_interval":{"confidence_level":0.95,"lower_bound":397914.87333489116,"upper_bound":400819.9139155606},"point_estimate":399290.7664161899,"standard_error":742.6494769572347},"median":{"confidence_interval":{"confidence_level":0.95,"lower_bound":396345.87828282826,"upper_bound":399784.0144927536},"point_estimate":397176.33174603176,"standard_error":1137.6911840831444},"median_abs_dev":{"confidence_interval":{"confidence_level":0.95,"lower_bound":4603.491388372715,"upper_bound":7056.577678193426},"point_estimate":5586.409480733747,"standard_error":651.4975508042905},"slope":{"confidence_interval":{"confidence_level":0.95,"lower_bound":396650.68966719223,"upper_bound":399730.25873035827},"point_estimate":398093.31680803903,"standard_error":789.5215045046309},"std_dev":{"confidence_interval":{"confidence_level":0.95,"lower_bound":5464.192734952821,"upper_bound":9586.542087146738},"point_estimate":7438.354575672228,"standard_error":1101.5390524593677}}