{"mean":{"confidence_interval":{"confidence_level":0.95,"lower_bound":0.037341218878679694,"upper_bound":0.05391735444993122},"point_estimate":0.045758529564188466,"standard_error":0.004130294331740587},"median":{"confidence_interval":{"confidence_level":0.95,"lower_bound":0.06262144782030954,"upper_bound":0.07083582547877491},"point_estimate":0.06731333355246494,"standard_error":0.0020552450388171307}}