{"mean":{"confidence_interval":{"confidence_level":0.95,"lower_bound":-0.0054400544604277234,"upper_bound":0.0020294918320679914},"point_estimate":-0.0014914796259601903,"standard_error":0.0019051718662260375},"median":{"confidence_interval":{"confidence_level":0.95,"lower_bound":-0.003021115886320591,"upper_bound":0.0022167307498035527},"point_estimate":0.00043559340046628314,"standard_error":0.0012884817659438443}}