{"mean":{"confidence_interval":{"confidence_level":0.95,"lower_bound":-0.043437158145921584,"upper_bound":-0.0321949571318667},"point_estimate":-0.03792382202546318,"standard_error":0.002867252664505976},"median":{"confidence_interval":{"confidence_level":0.95,"lower_bound":-0.05578995455360447,"upper_bound":-0.028153805191034276},"point_estimate":-0.03994710364016907,"standard_error":0.008283436511296855}}