{"mean":{"confidence_interval":{"confidence_level":0.95,"lower_bound":5640163.20225,"upper_bound":5676671.51786111},"point_estimate":5657263.1311111115,"standard_error":9319.732466723015},"median":{"confidence_interval":{"confidence_level":0.95,"lower_bound":5613927.277777778,"upper_bound":5641973.444444444},"point_estimate":5623924.333333334,"standard_error":7033.13606707006},"median_abs_dev":{"confidence_interval":{"confidence_level":0.95,"lower_bound":35641.20916724182,"upper_bound":72827.45224038836},"point_estimate":46939.27989999438,"standard_error":10007.781730333523},"slope":null,"std_dev":{"confidence_interval":{"confidence_level":0.95,"lower_bound":64846.49595296253,"upper_bound":121181.57249433186},"point_estimate":93231.0542815564,"standard_error":14639.018857653082}}