{"mean":{"confidence_interval":{"confidence_level":0.95,"lower_bound":0.05946968474863469,"upper_bound":0.06877532804131392},"point_estimate":0.06417127870211492,"standard_error":0.002366008180468525},"median":{"confidence_interval":{"confidence_level":0.95,"lower_bound":0.06588493494451053,"upper_bound":0.07297733387841437},"point_estimate":0.06811300908856333,"standard_error":0.0018388189442108897}}