{"mean":{"confidence_interval":{"confidence_level":0.95,"lower_bound":6944843.510125,"upper_bound":7036999.02546875},"point_estimate":6989259.4625,"standard_error":23479.68622330264},"median":{"confidence_interval":{"confidence_level":0.95,"lower_bound":6830029.75,"upper_bound":7078939.0},"point_estimate":6870259.8125,"standard_error":69349.9623885536},"median_abs_dev":{"confidence_interval":{"confidence_level":0.95,"lower_bound":91502.08588801324,"upper_bound":349642.8490675986},"point_estimate":162346.17971777916,"standard_error":69004.66051409878},"slope":null,"std_dev":{"confidence_interval":{"confidence_level":0.95,"lower_bound":188787.56171788182,"upper_bound":292519.8006152067},"point_estimate":235212.1499166435,"standard_error":28860.02355873623}}