{"mean":{"confidence_interval":{"confidence_level":0.95,"lower_bound":5924005.03172222,"upper_bound":5958365.523333333},"point_estimate":5940133.05,"standard_error":8764.085962479803},"median":{"confidence_interval":{"confidence_level":0.95,"lower_bound":5913222.666666667,"upper_bound":5943583.333333333},"point_estimate":5926921.444444444,"standard_error":8259.626636792482},"median_abs_dev":{"confidence_interval":{"confidence_level":0.95,"lower_bound":45281.15656276513,"upper_bound":75161.88826560974},"point_estimate":58269.47363217572,"standard_error":7754.445252194655},"slope":null,"std_dev":{"confidence_interval":{"confidence_level":0.95,"lower_bound":60171.58012353698,"upper_bound":118097.22195959503},"point_estimate":88203.18816326567,"standard_error":15484.688268748883}}