{"mean":{"confidence_interval":{"confidence_level":0.95,"lower_bound":13259628.01075,"upper_bound":13366892.7065},"point_estimate":13312495.07,"standard_error":27400.765398453997},"median":{"confidence_interval":{"confidence_level":0.95,"lower_bound":13275597.625,"upper_bound":13356554.25},"point_estimate":13310714.875,"standard_error":22520.9952800099},"median_abs_dev":{"confidence_interval":{"confidence_level":0.95,"lower_bound":148964.70030097297,"upper_bound":318960.2572873235},"point_estimate":225926.5529640019,"standard_error":44083.01363339793},"slope":null,"std_dev":{"confidence_interval":{"confidence_level":0.95,"lower_bound":226668.65316624928,"upper_bound":321524.4391475746},"point_estimate":274786.14261135174,"standard_error":24257.755355422436}}