{"mean":{"confidence_interval":{"confidence_level":0.95,"lower_bound":0.030486091556233053,"upper_bound":0.038482936453424293},"point_estimate":0.0346168173057706,"standard_error":0.0020445432669127976},"median":{"confidence_interval":{"confidence_level":0.95,"lower_bound":0.03370708596044292,"upper_bound":0.04216603432890594},"point_estimate":0.03689038762455343,"standard_error":0.002221607044518996}}