{"mean":{"confidence_interval":{"confidence_level":0.95,"lower_bound":-0.751660182050293,"upper_bound":-0.7465369637167937},"point_estimate":-0.7492156177498986,"standard_error":0.001287786341478352},"median":{"confidence_interval":{"confidence_level":0.95,"lower_bound":-0.7537868071883511,"upper_bound":-0.7483961105151431},"point_estimate":-0.7514872053414192,"standard_error":0.0014029685425818216}}