{"mean":{"confidence_interval":{"confidence_level":0.95,"lower_bound":11309216.850400003,"upper_bound":11368327.6784},"point_estimate":11337290.700000005,"standard_error":15138.958171138616},"median":{"confidence_interval":{"confidence_level":0.95,"lower_bound":11270893.4,"upper_bound":11331153.0},"point_estimate":11294480.5,"standard_error":17510.432857792606},"median_abs_dev":{"confidence_interval":{"confidence_level":0.95,"lower_bound":81392.77781649213,"upper_bound":136064.72302436884},"point_estimate":103483.84730279501,"standard_error":14500.13677391686},"slope":null,"std_dev":{"confidence_interval":{"confidence_level":0.95,"lower_bound":109334.01086742622,"upper_bound":190954.81710154488},"point_estimate":151666.81086157513,"standard_error":20987.329857192344}}