{"mean":{"confidence_interval":{"confidence_level":0.95,"lower_bound":-0.002145017394977507,"upper_bound":0.009870636331322426},"point_estimate":0.0032266797160191985,"standard_error":0.0031254033281753373},"median":{"confidence_interval":{"confidence_level":0.95,"lower_bound":-0.004310635752293203,"upper_bound":0.0014041145292429391},"point_estimate":-0.0015641237961987464,"standard_error":0.001468119366277332}}