{"mean":{"confidence_interval":{"confidence_level":0.95,"lower_bound":0.040375928467276626,"upper_bound":0.049306546655805576},"point_estimate":0.04501847791809621,"standard_error":0.0022971048105991923},"median":{"confidence_interval":{"confidence_level":0.95,"lower_bound":0.03935080587198225,"upper_bound":0.051471635823940876},"point_estimate":0.045038214278709576,"standard_error":0.0031056398792795787}}