{"mean":{"confidence_interval":{"confidence_level":0.95,"lower_bound":6829050.33778125,"upper_bound":6876763.591875},"point_estimate":6852395.82,"standard_error":12210.314616973305},"median":{"confidence_interval":{"confidence_level":0.95,"lower_bound":6797068.25,"upper_bound":6863593.875},"point_estimate":6825082.9375,"standard_error":17379.151386902107},"median_abs_dev":{"confidence_interval":{"confidence_level":0.95,"lower_bound":93420.01427896321,"upper_bound":153398.68887662888},"point_estimate":123319.14463564754,"standard_error":16306.033462827276},"slope":null,"std_dev":{"confidence_interval":{"confidence_level":0.95,"lower_bound":101901.01161695812,"upper_bound":144094.31067725195},"point_estimate":123020.17259385886,"standard_error":10866.316018497339}}