{"mean":{"confidence_interval":{"confidence_level":0.95,"lower_bound":5105618.8154,"upper_bound":5431526.350775002},"point_estimate":5254125.860000002,"standard_error":83611.48215061947},"median":{"confidence_interval":{"confidence_level":0.95,"lower_bound":5008767.45,"upper_bound":5119423.5},"point_estimate":5039299.55,"standard_error":34501.73521614713},"median_abs_dev":{"confidence_interval":{"confidence_level":0.95,"lower_bound":128679.00299549075,"upper_bound":224222.19309926074},"point_estimate":163857.61626094606,"standard_error":23485.530108834366},"slope":null,"std_dev":{"confidence_interval":{"confidence_level":0.95,"lower_bound":412000.3188472254,"upper_bound":1132046.1819540975},"point_estimate":840854.2156643295,"standard_error":175760.25378416615}}