{"mean":{"confidence_interval":{"confidence_level":0.95,"lower_bound":24816783.96,"upper_bound":25584165.3525},"point_estimate":25153262.515,"standard_error":196720.46164829066},"median":{"confidence_interval":{"confidence_level":0.95,"lower_bound":24611637.5,"upper_bound":24942903.0},"point_estimate":24811702.5,"standard_error":77496.99177834144},"median_abs_dev":{"confidence_interval":{"confidence_level":0.95,"lower_bound":434876.9655793905,"upper_bound":762701.5398493408},"point_estimate":574184.6536561847,"standard_error":81635.77761887523},"slope":null,"std_dev":{"confidence_interval":{"confidence_level":0.95,"lower_bound":654901.859233336,"upper_bound":2879731.2852233406},"point_estimate":1967602.3508327538,"standard_error":551783.7326466872}}