{"mean":{"confidence_interval":{"confidence_level":0.95,"lower_bound":10318586.687999995,"upper_bound":10348495.562949998},"point_estimate":10333292.608,"standard_error":7653.284944782933},"median":{"confidence_interval":{"confidence_level":0.95,"lower_bound":10286722.6,"upper_bound":10328053.9},"point_estimate":10301064.2,"standard_error":12527.14618103876},"median_abs_dev":{"confidence_interval":{"confidence_level":0.95,"lower_bound":41992.56861448233,"upper_bound":88299.20663237572},"point_estimate":63412.72825419737,"standard_error":13657.778949700945},"slope":null,"std_dev":{"confidence_interval":{"confidence_level":0.95,"lower_bound":65517.34434612096,"upper_bound":86025.14563633109},"point_estimate":76747.74375228098,"standard_error":5240.69236714031}}