{"mean":{"confidence_interval":{"confidence_level":0.95,"lower_bound":878403.8165516631,"upper_bound":891587.4545213786},"point_estimate":884657.013523634,"standard_error":3370.3893183681143},"median":{"confidence_interval":{"confidence_level":0.95,"lower_bound":871495.2716049383,"upper_bound":878872.3585858586},"point_estimate":874361.3191370132,"standard_error":2028.4489502721997},"median_abs_dev":{"confidence_interval":{"confidence_level":0.95,"lower_bound":10982.141446485612,"upper_bound":23254.664947200774},"point_estimate":15017.884432618404,"standard_error":3159.627755860348},"slope":{"confidence_interval":{"confidence_level":0.95,"lower_bound":880974.2149258393,"upper_bound":900365.7774428803},"point_estimate":890041.7978306487,"standard_error":4952.932681992246},"std_dev":{"confidence_interval":{"confidence_level":0.95,"lower_bound":24544.915932267242,"upper_bound":41825.60884771386},"point_estimate":33825.971359943025,"standard_error":4419.867354902247}}