{"mean":{"confidence_interval":{"confidence_level":0.95,"lower_bound":-0.02911353741925227,"upper_bound":-0.022230717755611022},"point_estimate":-0.025777380949985162,"standard_error":0.0017772121336602047},"median":{"confidence_interval":{"confidence_level":0.95,"lower_bound":-0.032702266058702634,"upper_bound":-0.02691169761336265},"point_estimate":-0.030759129416274344,"standard_error":0.0015170405398152408}}