{"mean":{"confidence_interval":{"confidence_level":0.95,"lower_bound":14518818.9796875,"upper_bound":14578831.607125001},"point_estimate":14547897.0375,"standard_error":15319.78956376205},"median":{"confidence_interval":{"confidence_level":0.95,"lower_bound":14473521.5,"upper_bound":14548611.625},"point_estimate":14510184.375,"standard_error":19347.39318801922},"median_abs_dev":{"confidence_interval":{"confidence_level":0.95,"lower_bound":94350.8090749383,"upper_bound":170422.0315019038},"point_estimate":125178.13967764378,"standard_error":19845.50296794552},"slope":null,"std_dev":{"confidence_interval":{"confidence_level":0.95,"lower_bound":122313.94906232148,"upper_bound":183399.65222774405},"point_estimate":153696.0234494404,"standard_error":15674.950929925844}}