{"mean":{"confidence_interval":{"confidence_level":0.95,"lower_bound":2870035.8111944455,"upper_bound":2882044.065347222},"point_estimate":2875982.0572222234,"standard_error":3063.4935189934677},"median":{"confidence_interval":{"confidence_level":0.95,"lower_bound":2867090.063888889,"upper_bound":2878414.6666666665},"point_estimate":2872886.722222222,"standard_error":3128.1698339988416},"median_abs_dev":{"confidence_interval":{"confidence_level":0.95,"lower_bound":15844.669468701117,"upper_bound":29444.045265180426},"point_estimate":22438.038651645184,"standard_error":3474.435021665011},"slope":null,"std_dev":{"confidence_interval":{"confidence_level":0.95,"lower_bound":25533.60937646275,"upper_bound":35478.81092379317},"point_estimate":30773.72584975572,"standard_error":2544.6911628072507}}