{"mean":{"confidence_interval":{"confidence_level":0.95,"lower_bound":10886027.131850006,"upper_bound":10937204.389149997},"point_estimate":10908957.934000004,"standard_error":13101.111993155777},"median":{"confidence_interval":{"confidence_level":0.95,"lower_bound":10851463.6,"upper_bound":10877029.2},"point_estimate":10863042.5,"standard_error":7352.474072449474},"median_abs_dev":{"confidence_interval":{"confidence_level":0.95,"lower_bound":30185.172076105002,"upper_bound":64544.38940110802},"point_estimate":44956.43422186264,"standard_error":9435.076381531813},"slope":null,"std_dev":{"confidence_interval":{"confidence_level":0.95,"lower_bound":70553.22256564998,"upper_bound":191996.35742629794},"point_estimate":131773.143365928,"standard_error":32884.67181232495}}