{"mean":{"confidence_interval":{"confidence_level":0.95,"lower_bound":2561896.8444999997,"upper_bound":2738184.8023125003},"point_estimate":2643421.5139999995,"standard_error":45469.10362684174},"median":{"confidence_interval":{"confidence_level":0.95,"lower_bound":2525401.725,"upper_bound":2585280.325},"point_estimate":2564695.675,"standard_error":18548.631052045777},"median_abs_dev":{"confidence_interval":{"confidence_level":0.95,"lower_bound":86760.71263968917,"upper_bound":182534.85475435812},"point_estimate":134101.6123992202,"standard_error":25300.067725838362},"slope":null,"std_dev":{"confidence_interval":{"confidence_level":0.95,"lower_bound":262637.7463010923,"upper_bound":602459.4998455576},"point_estimate":453232.15831164486,"standard_error":86719.20122932107}}