{"mean":{"confidence_interval":{"confidence_level":0.95,"lower_bound":0.0044475470974093935,"upper_bound":0.012077087365018599},"point_estimate":0.008034178602526865,"standard_error":0.001924929894739992},"median":{"confidence_interval":{"confidence_level":0.95,"lower_bound":0.0027976880092634993,"upper_bound":0.009536669351592142},"point_estimate":0.006172510956249377,"standard_error":0.0016306583107884892}}