{"mean":{"confidence_interval":{"confidence_level":0.95,"lower_bound":3368640.817483333,"upper_bound":3389979.414849999},"point_estimate":3378755.458666668,"standard_error":5445.012306301332},"median":{"confidence_interval":{"confidence_level":0.95,"lower_bound":3358474.8333333335,"upper_bound":3369388.3333333335},"point_estimate":3364376.4000000004,"standard_error":2712.8257625314804},"median_abs_dev":{"confidence_interval":{"confidence_level":0.95,"lower_bound":26665.64776659021,"upper_bound":48921.05481147773},"point_estimate":35013.47633838713,"standard_error":5592.016316563644},"slope":null,"std_dev":{"confidence_interval":{"confidence_level":0.95,"lower_bound":38615.65667427011,"upper_bound":72136.16470301493},"point_estimate":54716.64988012659,"standard_error":8965.129813073227}}