{"mean":{"confidence_interval":{"confidence_level":0.95,"lower_bound":-0.03241045899516733,"upper_bound":-0.027034492744018347},"point_estimate":-0.029703590809901148,"standard_error":0.0013691564931475162},"median":{"confidence_interval":{"confidence_level":0.95,"lower_bound":-0.03263611074649719,"upper_bound":-0.026725381158433772},"point_estimate":-0.028152549358007928,"standard_error":0.0015964004810047443}}