{"mean":{"confidence_interval":{"confidence_level":0.95,"lower_bound":9040039.344999993,"upper_bound":9169236.284416664},"point_estimate":9104364.01666667,"standard_error":33031.51548327534},"median":{"confidence_interval":{"confidence_level":0.95,"lower_bound":9128411.0,"upper_bound":9189761.666666666},"point_estimate":9169547.083333332,"standard_error":17009.97995434741},"median_abs_dev":{"confidence_interval":{"confidence_level":0.95,"lower_bound":148845.8714574566,"upper_bound":476361.2247928977},"point_estimate":286068.5297712707,"standard_error":95041.21797163923},"slope":null,"std_dev":{"confidence_interval":{"confidence_level":0.95,"lower_bound":289501.9438944722,"upper_bound":369777.4173833784},"point_estimate":331720.7051219268,"standard_error":20500.756475670718}}