{"mean":{"confidence_interval":{"confidence_level":0.95,"lower_bound":5964675.825750001,"upper_bound":6001468.141472223},"point_estimate":5982192.762222222,"standard_error":9402.741818946111},"median":{"confidence_interval":{"confidence_level":0.95,"lower_bound":5937046.722222222,"upper_bound":5981869.444444444},"point_estimate":5947505.444444444,"standard_error":12027.266146725877},"median_abs_dev":{"confidence_interval":{"confidence_level":0.95,"lower_bound":52421.35803600121,"upper_bound":93577.83910532808},"point_estimate":75697.02448944189,"standard_error":10755.575376168428},"slope":null,"std_dev":{"confidence_interval":{"confidence_level":0.95,"lower_bound":69460.51282675308,"upper_bound":120152.26106304409},"point_estimate":94167.72008199428,"standard_error":13248.349787509796}}