{"mean":{"confidence_interval":{"confidence_level":0.95,"lower_bound":2828624.1480694436,"upper_bound":2848581.2657777783},"point_estimate":2837569.708333333,"standard_error":5094.767345898036},"median":{"confidence_interval":{"confidence_level":0.95,"lower_bound":2818916.611111111,"upper_bound":2840064.111111111},"point_estimate":2823104.6666666665,"standard_error":5566.741183839026},"median_abs_dev":{"confidence_interval":{"confidence_level":0.95,"lower_bound":25764.704709251644,"upper_bound":42136.109001934296},"point_estimate":36320.32232185209,"standard_error":4049.6285148295683},"slope":null,"std_dev":{"confidence_interval":{"confidence_level":0.95,"lower_bound":30061.571351088453,"upper_bound":74821.85796251036},"point_estimate":51134.9115979542,"standard_error":13695.343091387786}}