{"mean":{"confidence_interval":{"confidence_level":0.95,"lower_bound":1672682077.8515,"upper_bound":1685606280.7605002},"point_estimate":1679066216.34,"standard_error":3286630.1263565407},"median":{"confidence_interval":{"confidence_level":0.95,"lower_bound":1657872189.0,"upper_bound":1693245510.0},"point_estimate":1669029493.5,"standard_error":10373801.699432025},"median_abs_dev":{"confidence_interval":{"confidence_level":0.95,"lower_bound":22044197.829437256,"upper_bound":46987834.031904176},"point_estimate":39212821.16743326,"standard_error":6747585.245264722},"slope":null,"std_dev":{"confidence_interval":{"confidence_level":0.95,"lower_bound":29560848.999441955,"upper_bound":36463439.85325151},"point_estimate":33057914.909267597,"standard_error":1768572.943482524}}