{"mean":{"confidence_interval":{"confidence_level":0.95,"lower_bound":5177537.367725002,"upper_bound":5221075.4676},"point_estimate":5198725.949,"standard_error":11108.817557477061},"median":{"confidence_interval":{"confidence_level":0.95,"lower_bound":5137112.05,"upper_bound":5199864.05},"point_estimate":5153829.2,"standard_error":19403.502613795335},"median_abs_dev":{"confidence_interval":{"confidence_level":0.95,"lower_bound":62712.56300362866,"upper_bound":125598.97568017257},"point_estimate":88736.79601460682,"standard_error":16614.367780885397},"slope":null,"std_dev":{"confidence_interval":{"confidence_level":0.95,"lower_bound":92148.93877746779,"upper_bound":128828.03362090985},"point_estimate":111759.34034724894,"standard_error":9374.063535103836}}