{"mean":{"confidence_interval":{"confidence_level":0.95,"lower_bound":10291147.9125,"upper_bound":10329078.582999995},"point_estimate":10309633.621999998,"standard_error":9676.55545421184},"median":{"confidence_interval":{"confidence_level":0.95,"lower_bound":10257208.1,"upper_bound":10321574.2},"point_estimate":10291056.7,"standard_error":16284.62686065969},"median_abs_dev":{"confidence_interval":{"confidence_level":0.95,"lower_bound":64935.35842716666,"upper_bound":110520.5632978686},"point_estimate":86407.70558595685,"standard_error":10862.77164376721},"slope":null,"std_dev":{"confidence_interval":{"confidence_level":0.95,"lower_bound":78817.67272692,"upper_bound":115482.38213868866},"point_estimate":97130.5623460907,"standard_error":9441.137439460928}}