{"mean":{"confidence_interval":{"confidence_level":0.95,"lower_bound":12755420.7425,"upper_bound":12843295.9639375},"point_estimate":12797155.9175,"standard_error":22394.71902533324},"median":{"confidence_interval":{"confidence_level":0.95,"lower_bound":12697311.625,"upper_bound":12738886.25},"point_estimate":12711620.5,"standard_error":14220.809728044664},"median_abs_dev":{"confidence_interval":{"confidence_level":0.95,"lower_bound":69751.88096165657,"upper_bound":149225.16995072365},"point_estimate":106880.81742748618,"standard_error":19293.739719884896},"slope":null,"std_dev":{"confidence_interval":{"confidence_level":0.95,"lower_bound":163511.00568991297,"upper_bound":279905.388073763},"point_estimate":225872.94914949412,"standard_error":29599.80428904755}}