{"mean":{"confidence_interval":{"confidence_level":0.95,"lower_bound":1302831.4638506211,"upper_bound":1310735.4197118115},"point_estimate":1306639.6067990502,"standard_error":2012.0670913790836},"median":{"confidence_interval":{"confidence_level":0.95,"lower_bound":1296580.637310606,"upper_bound":1306069.4545454546},"point_estimate":1300489.532222222,"standard_error":2040.6959919091707},"median_abs_dev":{"confidence_interval":{"confidence_level":0.95,"lower_bound":11569.963836633911,"upper_bound":20116.832941445566},"point_estimate":15460.315309524487,"standard_error":2093.0422988701716},"slope":{"confidence_interval":{"confidence_level":0.95,"lower_bound":1299696.3782948134,"upper_bound":1308106.3505265056},"point_estimate":1303711.6868538496,"standard_error":2149.269414249909},"std_dev":{"confidence_interval":{"confidence_level":0.95,"lower_bound":16053.436658044997,"upper_bound":23694.190359970456},"point_estimate":20107.743359268487,"standard_error":1956.7698127433732}}