{"mean":{"confidence_interval":{"confidence_level":0.95,"lower_bound":5184632.746900001,"upper_bound":5539607.779900001},"point_estimate":5346175.380000001,"standard_error":90854.31205250195},"median":{"confidence_interval":{"confidence_level":0.95,"lower_bound":5104489.35,"upper_bound":5161634.45},"point_estimate":5126107.0,"standard_error":15134.85704380965},"median_abs_dev":{"confidence_interval":{"confidence_level":0.95,"lower_bound":140321.5640687944,"upper_bound":261462.21336811726},"point_estimate":182469.80568051364,"standard_error":30861.315311905015},"slope":null,"std_dev":{"confidence_interval":{"confidence_level":0.95,"lower_bound":524432.8459022157,"upper_bound":1203956.438364584},"point_estimate":908994.1655115692,"standard_error":176128.14168357564}}