{"mean":{"confidence_interval":{"confidence_level":0.95,"lower_bound":5831995.214166665,"upper_bound":5869292.473638887},"point_estimate":5849301.803333334,"standard_error":9531.373098402883},"median":{"confidence_interval":{"confidence_level":0.95,"lower_bound":5812084.055555556,"upper_bound":5830539.333333334},"point_estimate":5819305.055555556,"standard_error":5822.340668842021},"median_abs_dev":{"confidence_interval":{"confidence_level":0.95,"lower_bound":30692.9493884244,"upper_bound":57677.5414743524},"point_estimate":42436.37667993781,"standard_error":7374.394081264308},"slope":null,"std_dev":{"confidence_interval":{"confidence_level":0.95,"lower_bound":60049.84845815582,"upper_bound":129307.73149222684},"point_estimate":96380.72094145366,"standard_error":17876.1675207882}}