{"mean":{"confidence_interval":{"confidence_level":0.95,"lower_bound":9965644.900000008,"upper_bound":10013294.739350006},"point_estimate":9988540.158000004,"standard_error":12201.565275378462},"median":{"confidence_interval":{"confidence_level":0.95,"lower_bound":9923401.1,"upper_bound":9990258.2},"point_estimate":9965255.5,"standard_error":17061.120863574735},"median_abs_dev":{"confidence_interval":{"confidence_level":0.95,"lower_bound":71713.95376682199,"upper_bound":135323.571297525},"point_estimate":105279.4241309166,"standard_error":16672.800760287148},"slope":null,"std_dev":{"confidence_interval":{"confidence_level":0.95,"lower_bound":95747.55777165049,"upper_bound":148708.18894707816},"point_estimate":123310.48308293047,"standard_error":13573.05151585558}}