{"mean":{"confidence_interval":{"confidence_level":0.95,"lower_bound":-0.1576106868422924,"upper_bound":-0.14862690129070655},"point_estimate":-0.1530802311028714,"standard_error":0.0024951137800974486},"median":{"confidence_interval":{"confidence_level":0.95,"lower_bound":-0.15788725156170913,"upper_bound":-0.1483295592968744},"point_estimate":-0.1525982560009157,"standard_error":0.002641641771466925}}