{"mean":{"confidence_interval":{"confidence_level":0.95,"lower_bound":0.03964250095592768,"upper_bound":0.049684800645606285},"point_estimate":0.04458088253655057,"standard_error":0.002576722254927317},"median":{"confidence_interval":{"confidence_level":0.95,"lower_bound":0.033887927591638355,"upper_bound":0.04473233329588404},"point_estimate":0.03685564938556296,"standard_error":0.002796532934099624}}