{"mean":{"confidence_interval":{"confidence_level":0.95,"lower_bound":0.016064950043562128,"upper_bound":0.021864871617097985},"point_estimate":0.018817402199840405,"standard_error":0.0015026093542522573},"median":{"confidence_interval":{"confidence_level":0.95,"lower_bound":0.01720993689139072,"upper_bound":0.02432169055156197},"point_estimate":0.021084084409300097,"standard_error":0.001839113932958135}}