{"mean":{"confidence_interval":{"confidence_level":0.95,"lower_bound":-0.14958827759233706,"upper_bound":-0.13316951155099788},"point_estimate":-0.14141798776069558,"standard_error":0.004726222602184578},"median":{"confidence_interval":{"confidence_level":0.95,"lower_bound":-0.15119569124527454,"upper_bound":-0.1353619832760844},"point_estimate":-0.142517324713466,"standard_error":0.0047358311158235385}}