{"mean":{"confidence_interval":{"confidence_level":0.95,"lower_bound":5163151.691999999,"upper_bound":5198722.394225},"point_estimate":5180304.382999998,"standard_error":9095.36625022676},"median":{"confidence_interval":{"confidence_level":0.95,"lower_bound":5136158.0,"upper_bound":5171496.637499998},"point_estimate":5154095.9,"standard_error":9728.51850228715},"median_abs_dev":{"confidence_interval":{"confidence_level":0.95,"lower_bound":47954.028978645525,"upper_bound":81787.25689798594},"point_estimate":64002.13587373509,"standard_error":8519.987806737518},"slope":null,"std_dev":{"confidence_interval":{"confidence_level":0.95,"lower_bound":71119.58453479646,"upper_bound":109888.2878394377},"point_estimate":91819.67912385716,"standard_error":9874.678105752693}}