{"mean":{"confidence_interval":{"confidence_level":0.95,"lower_bound":1661570404.4202502,"upper_bound":1674237113.6652498},"point_estimate":1667951653.75,"standard_error":3232694.7125315517},"median":{"confidence_interval":{"confidence_level":0.95,"lower_bound":1669497783.0,"upper_bound":1679762237.0},"point_estimate":1676368865.0,"standard_error":2458433.6242732126},"median_abs_dev":{"confidence_interval":{"confidence_level":0.95,"lower_bound":21961214.318218023,"upper_bound":40023618.02803874},"point_estimate":28951456.901308894,"standard_error":4342150.321142257},"slope":null,"std_dev":{"confidence_interval":{"confidence_level":0.95,"lower_bound":28414458.627750162,"upper_bound":36324742.71638678},"point_estimate":32615153.509495236,"standard_error":2009347.5087783493}}