{"mean":{"confidence_interval":{"confidence_level":0.95,"lower_bound":2277355.4360010824,"upper_bound":2289289.9248169633},"point_estimate":2283294.7162143355,"standard_error":3074.7083746610474},"median":{"confidence_interval":{"confidence_level":0.95,"lower_bound":2273767.952272727,"upper_bound":2292737.8604465714},"point_estimate":2280714.7857142854,"standard_error":5082.319299833127},"median_abs_dev":{"confidence_interval":{"confidence_level":0.95,"lower_bound":7174.495021490794,"upper_bound":23085.83519787231},"point_estimate":15141.885632087075,"standard_error":4077.0178197084633},"slope":{"confidence_interval":{"confidence_level":0.95,"lower_bound":2284414.989197274,"upper_bound":2294769.0223741354},"point_estimate":2289880.672157111,"standard_error":2639.061088230087},"std_dev":{"confidence_interval":{"confidence_level":0.95,"lower_bound":10410.179551047268,"upper_bound":16368.695460266585},"point_estimate":13970.855542520234,"standard_error":1509.9852967004729}}