{"mean":{"confidence_interval":{"confidence_level":0.95,"lower_bound":3361487.708616664,"upper_bound":3379663.0781333316},"point_estimate":3370288.3279999997,"standard_error":4641.976065629431},"median":{"confidence_interval":{"confidence_level":0.95,"lower_bound":3348832.7333333334,"upper_bound":3373601.4},"point_estimate":3355401.3,"standard_error":5695.10667303273},"median_abs_dev":{"confidence_interval":{"confidence_level":0.95,"lower_bound":30261.4469027519,"upper_bound":48126.48006558492},"point_estimate":38514.043136239095,"standard_error":4377.267072372641},"slope":null,"std_dev":{"confidence_interval":{"confidence_level":0.95,"lower_bound":37610.13034336856,"upper_bound":54894.35312163374},"point_estimate":46720.131501267526,"standard_error":4397.483845732598}}