{"mean":{"confidence_interval":{"confidence_level":0.95,"lower_bound":10446558.329999998,"upper_bound":10491154.444},"point_estimate":10468529.469999999,"standard_error":11384.541485282425},"median":{"confidence_interval":{"confidence_level":0.95,"lower_bound":10414008.8,"upper_bound":10491781.8},"point_estimate":10443608.6,"standard_error":18823.250303962534},"median_abs_dev":{"confidence_interval":{"confidence_level":0.95,"lower_bound":83136.94178402369,"upper_bound":140148.0998718733},"point_estimate":103171.31522834384,"standard_error":14163.669320871439},"slope":null,"std_dev":{"confidence_interval":{"confidence_level":0.95,"lower_bound":98488.20741319208,"upper_bound":128525.11821031329},"point_estimate":114472.51642003005,"standard_error":7649.594512943608}}