{"mean":{"confidence_interval":{"confidence_level":0.95,"lower_bound":14152898.160625,"upper_bound":14244545.1028125},"point_estimate":14197484.9075,"standard_error":23359.977750056598},"median":{"confidence_interval":{"confidence_level":0.95,"lower_bound":14076233.75,"upper_bound":14204263.25},"point_estimate":14139626.625,"standard_error":32588.297606790107},"median_abs_dev":{"confidence_interval":{"confidence_level":0.95,"lower_bound":143413.748703897,"upper_bound":246282.2799526155},"point_estimate":181921.13249525428,"standard_error":26642.931431794954},"slope":null,"std_dev":{"confidence_interval":{"confidence_level":0.95,"lower_bound":194211.76146686726,"upper_bound":269860.48284338886},"point_estimate":234551.22419723438,"standard_error":19341.512163639985}}