{"mean":{"confidence_interval":{"confidence_level":0.95,"lower_bound":2486924.9943749993,"upper_bound":2621425.9329999997},"point_estimate":2547372.5035,"standard_error":34445.964175304936},"median":{"confidence_interval":{"confidence_level":0.95,"lower_bound":2461084.65,"upper_bound":2521841.45},"point_estimate":2490186.9,"standard_error":19611.909388356988},"median_abs_dev":{"confidence_interval":{"confidence_level":0.95,"lower_bound":97583.98896753788,"upper_bound":163241.59597188229},"point_estimate":126615.59448212426,"standard_error":15513.629576482208},"slope":null,"std_dev":{"confidence_interval":{"confidence_level":0.95,"lower_bound":169221.6566810456,"upper_bound":495868.56684778974},"point_estimate":351621.8387140531,"standard_error":83141.42933881277}}