{"mean":{"confidence_interval":{"confidence_level":0.95,"lower_bound":18532129.14316667,"upper_bound":19394447.831833333},"point_estimate":18893534.743333336,"standard_error":224585.3699913285},"median":{"confidence_interval":{"confidence_level":0.95,"lower_bound":18432985.0,"upper_bound":18617692.666666668},"point_estimate":18526815.166666664,"standard_error":44500.41954021025},"median_abs_dev":{"confidence_interval":{"confidence_level":0.95,"lower_bound":315767.3546940107,"upper_bound":546940.2729898682},"point_estimate":453859.18724238966,"standard_error":61128.67855551675},"slope":null,"std_dev":{"confidence_interval":{"confidence_level":0.95,"lower_bound":430199.8487595447,"upper_bound":3615732.378123754},"point_estimate":2276300.940288638,"standard_error":852066.2489505535}}