{"mean":{"confidence_interval":{"confidence_level":0.95,"lower_bound":-0.04107617745236192,"upper_bound":0.043588079812799926},"point_estimate":-0.0003856428464388273,"standard_error":0.021545673541886298},"median":{"confidence_interval":{"confidence_level":0.95,"lower_bound":-0.010223683028364294,"upper_bound":0.011782621368104484},"point_estimate":0.0025123634965078523,"standard_error":0.005698837207262692}}