{"mean":{"confidence_interval":{"confidence_level":0.95,"lower_bound":-0.025430060488778782,"upper_bound":-0.014852767259278378},"point_estimate":-0.020347117810515125,"standard_error":0.0026924798527711955},"median":{"confidence_interval":{"confidence_level":0.95,"lower_bound":-0.025297908171880157,"upper_bound":-0.018663877344115898},"point_estimate":-0.021495267969925624,"standard_error":0.0016625645754696564}}