{"mean":{"confidence_interval":{"confidence_level":0.95,"lower_bound":5350921.388099999,"upper_bound":5388114.878724997},"point_estimate":5368571.278000001,"standard_error":9505.292233170423},"median":{"confidence_interval":{"confidence_level":0.95,"lower_bound":5317274.7,"upper_bound":5364392.6},"point_estimate":5335626.05,"standard_error":11732.745138332231},"median_abs_dev":{"confidence_interval":{"confidence_level":0.95,"lower_bound":38232.69508123481,"upper_bound":85234.15357679184},"point_estimate":64345.50602763919,"standard_error":12493.514376117279},"slope":null,"std_dev":{"confidence_interval":{"confidence_level":0.95,"lower_bound":71426.71983611207,"upper_bound":118243.80398356759},"point_estimate":95624.41377547024,"standard_error":12022.31755915177}}