{"mean":{"confidence_interval":{"confidence_level":0.95,"lower_bound":10846238.4049,"upper_bound":10892464.573200002},"point_estimate":10868882.945999997,"standard_error":11875.477391131886},"median":{"confidence_interval":{"confidence_level":0.95,"lower_bound":10795254.0,"upper_bound":10876183.1},"point_estimate":10832671.8,"standard_error":19324.996823123398},"median_abs_dev":{"confidence_interval":{"confidence_level":0.95,"lower_bound":63656.02290988037,"upper_bound":147567.4749201528},"point_estimate":105036.57425522832,"standard_error":19728.026227992515},"slope":null,"std_dev":{"confidence_interval":{"confidence_level":0.95,"lower_bound":100734.96255111153,"upper_bound":137046.77938543374},"point_estimate":119902.90505332946,"standard_error":9295.920505172819}}