{"mean":{"confidence_interval":{"confidence_level":0.95,"lower_bound":4868488.3195,"upper_bound":5121680.8308214275},"point_estimate":4980146.182857144,"standard_error":65386.089417912284},"median":{"confidence_interval":{"confidence_level":0.95,"lower_bound":4794218.5,"upper_bound":4943355.428571429},"point_estimate":4855438.214285715,"standard_error":33446.5146477704},"median_abs_dev":{"confidence_interval":{"confidence_level":0.95,"lower_bound":219449.25900399755,"upper_bound":365904.4027038981},"point_estimate":292470.3788076134,"standard_error":38854.329544000015},"slope":null,"std_dev":{"confidence_interval":{"confidence_level":0.95,"lower_bound":266864.152877652,"upper_bound":977260.1224318288},"point_estimate":660174.3278140732,"standard_error":191749.74086529666}}