{"mean":{"confidence_interval":{"confidence_level":0.95,"lower_bound":11509517.324000001,"upper_bound":11555617.163299998},"point_estimate":11531078.462000001,"standard_error":11778.946052455058},"median":{"confidence_interval":{"confidence_level":0.95,"lower_bound":11475895.0,"upper_bound":11532914.2},"point_estimate":11501209.7,"standard_error":14544.578744463855},"median_abs_dev":{"confidence_interval":{"confidence_level":0.95,"lower_bound":66898.32079231573,"upper_bound":124142.84011602291},"point_estimate":94016.26039087717,"standard_error":14458.62829648631},"slope":null,"std_dev":{"confidence_interval":{"confidence_level":0.95,"lower_bound":83801.60856163652,"upper_bound":158230.82330154776},"point_estimate":118229.0502003963,"standard_error":21095.115475059563}}