{"mean":{"confidence_interval":{"confidence_level":0.95,"lower_bound":5412839.3387,"upper_bound":5444804.630799999},"point_estimate":5428948.173999999,"standard_error":8151.971406533388},"median":{"confidence_interval":{"confidence_level":0.95,"lower_bound":5404008.3,"upper_bound":5446738.2},"point_estimate":5427228.95,"standard_error":11353.914962532515},"median_abs_dev":{"confidence_interval":{"confidence_level":0.95,"lower_bound":50471.40960395336,"upper_bound":77518.11027377844},"point_estimate":65093.848364352765,"standard_error":6612.044412470732},"slope":null,"std_dev":{"confidence_interval":{"confidence_level":0.95,"lower_bound":64047.30951056811,"upper_bound":98819.89414549866},"point_estimate":81942.42094528489,"standard_error":8897.31130699455}}