{"mean":{"confidence_interval":{"confidence_level":0.95,"lower_bound":14769342.004625,"upper_bound":15666345.890687501},"point_estimate":15226222.62,"standard_error":229100.84098197322},"median":{"confidence_interval":{"confidence_level":0.95,"lower_bound":15251731.0,"upper_bound":15974003.25},"point_estimate":15591366.0,"standard_error":175040.6244890801},"median_abs_dev":{"confidence_interval":{"confidence_level":0.95,"lower_bound":1268084.6220619977,"upper_bound":2408326.872293651},"point_estimate":1729236.965674907,"standard_error":302883.7443152336},"slope":null,"std_dev":{"confidence_interval":{"confidence_level":0.95,"lower_bound":1898079.9558471702,"upper_bound":2629534.953459795},"point_estimate":2294628.417387729,"standard_error":187450.39028051632}}