{"mean":{"confidence_interval":{"confidence_level":0.95,"lower_bound":52048372.935,"upper_bound":52445212.64825},"point_estimate":52245622.77,"standard_error":101296.30667462359},"median":{"confidence_interval":{"confidence_level":0.95,"lower_bound":51990653.0,"upper_bound":52472456.0},"point_estimate":52165851.5,"standard_error":117026.4430040416},"median_abs_dev":{"confidence_interval":{"confidence_level":0.95,"lower_bound":666782.288262248,"upper_bound":1143578.285497427},"point_estimate":877292.9520249367,"standard_error":122919.18261381704},"slope":null,"std_dev":{"confidence_interval":{"confidence_level":0.95,"lower_bound":872207.0377145342,"upper_bound":1170832.6312374407},"point_estimate":1026773.5230585061,"standard_error":76648.5121565638}}