{"mean":{"confidence_interval":{"confidence_level":0.95,"lower_bound":17238827.500833336,"upper_bound":17360606.348249998},"point_estimate":17294843.82333334,"standard_error":31101.56167351302},"median":{"confidence_interval":{"confidence_level":0.95,"lower_bound":17166800.666666668,"upper_bound":17254772.666666668},"point_estimate":17217435.0,"standard_error":21355.216729406133},"median_abs_dev":{"confidence_interval":{"confidence_level":0.95,"lower_bound":145189.03862237837,"upper_bound":246753.5490642486},"point_estimate":201670.16721964066,"standard_error":25387.17092678559},"slope":null,"std_dev":{"confidence_interval":{"confidence_level":0.95,"lower_bound":194777.06977154966,"upper_bound":438501.0603453953},"point_estimate":311766.0803345018,"standard_error":68617.32721295857}}