{"mean":{"confidence_interval":{"confidence_level":0.95,"lower_bound":0.030107501384969176,"upper_bound":0.036160854693400635},"point_estimate":0.033370373302284984,"standard_error":0.0015476152995301654},"median":{"confidence_interval":{"confidence_level":0.95,"lower_bound":0.031224021849455497,"upper_bound":0.034220433735698386},"point_estimate":0.03296495003317723,"standard_error":0.0007332555511936322}}