{"mean":{"confidence_interval":{"confidence_level":0.95,"lower_bound":15114690.5,"upper_bound":16048223.203625001},"point_estimate":15593021.545,"standard_error":237332.64176934445},"median":{"confidence_interval":{"confidence_level":0.95,"lower_bound":15833846.5,"upper_bound":16461460.0},"point_estimate":16203648.375,"standard_error":172171.0811212419},"median_abs_dev":{"confidence_interval":{"confidence_level":0.95,"lower_bound":1022217.8407520056,"upper_bound":2273021.092195809},"point_estimate":1424330.829513073,"standard_error":317239.9602530029},"slope":null,"std_dev":{"confidence_interval":{"confidence_level":0.95,"lower_bound":1990037.8975343404,"upper_bound":2706659.2251268476},"point_estimate":2377238.6156821838,"standard_error":182641.80871476853}}