{"mean":{"confidence_interval":{"confidence_level":0.95,"lower_bound":1346604.363418342,"upper_bound":1356276.579601905},"point_estimate":1351159.4531770677,"standard_error":2481.5611493430074},"median":{"confidence_interval":{"confidence_level":0.95,"lower_bound":1338612.892857143,"upper_bound":1344908.1319248825},"point_estimate":1342174.3727272726,"standard_error":1386.6864456264482},"median_abs_dev":{"confidence_interval":{"confidence_level":0.95,"lower_bound":8108.787157303335,"upper_bound":15451.90174475077},"point_estimate":12145.228083311744,"standard_error":1754.5543586010383},"slope":{"confidence_interval":{"confidence_level":0.95,"lower_bound":1349749.4936859275,"upper_bound":1363414.7875205234},"point_estimate":1356546.849410374,"standard_error":3508.7312413607915},"std_dev":{"confidence_interval":{"confidence_level":0.95,"lower_bound":17763.692247792384,"upper_bound":31881.586314205233},"point_estimate":25001.31678456077,"standard_error":3639.1009807345804}}