{"mean":{"confidence_interval":{"confidence_level":0.95,"lower_bound":-0.005429236638955483,"upper_bound":0.006049963015747345},"point_estimate":-0.00010912223931902609,"standard_error":0.0029411587821084407},"median":{"confidence_interval":{"confidence_level":0.95,"lower_bound":-0.004868852660269596,"upper_bound":0.010933045716293943},"point_estimate":0.004658762103358027,"standard_error":0.003901511927170597}}