{"mean":{"confidence_interval":{"confidence_level":0.95,"lower_bound":12049458.609500004,"upper_bound":12405089.379850002},"point_estimate":12214546.91,"standard_error":90811.68572494219},"median":{"confidence_interval":{"confidence_level":0.95,"lower_bound":12009607.600000001,"upper_bound":12137366.6},"point_estimate":12094452.0,"standard_error":34516.10513805448},"median_abs_dev":{"confidence_interval":{"confidence_level":0.95,"lower_bound":314899.34182941803,"upper_bound":778568.3988976468},"point_estimate":488101.85985445866,"standard_error":133883.43554385833},"slope":null,"std_dev":{"confidence_interval":{"confidence_level":0.95,"lower_bound":618083.3184315463,"upper_bound":1162155.148253575},"point_estimate":908387.1329048701,"standard_error":138988.1657726096}}