{"mean":{"confidence_interval":{"confidence_level":0.95,"lower_bound":10472562.8151,"upper_bound":10510010.410000002},"point_estimate":10491129.740000002,"standard_error":9558.210838213525},"median":{"confidence_interval":{"confidence_level":0.95,"lower_bound":10482357.4,"upper_bound":10522202.6},"point_estimate":10507493.0,"standard_error":11053.550891152163},"median_abs_dev":{"confidence_interval":{"confidence_level":0.95,"lower_bound":72296.61555647905,"upper_bound":132074.99089769972},"point_estimate":108410.67527532578,"standard_error":15067.094781261794},"slope":null,"std_dev":{"confidence_interval":{"confidence_level":0.95,"lower_bound":85088.68916501306,"upper_bound":105756.24263001588},"point_estimate":96118.017981173,"standard_error":5292.991225432776}}