{"mean":{"confidence_interval":{"confidence_level":0.95,"lower_bound":-0.02196455839082777,"upper_bound":-0.01331122909539719},"point_estimate":-0.017459261292193995,"standard_error":0.0022078955136425266},"median":{"confidence_interval":{"confidence_level":0.95,"lower_bound":-0.015274337961836304,"upper_bound":-0.007337948315490506},"point_estimate":-0.01177238777242906,"standard_error":0.0019268024911024962}}