{"mean":{"confidence_interval":{"confidence_level":0.95,"lower_bound":11384985.352999998,"upper_bound":11460934.619549995},"point_estimate":11422402.862000003,"standard_error":19393.954461092508},"median":{"confidence_interval":{"confidence_level":0.95,"lower_bound":11318847.2,"upper_bound":11406692.0},"point_estimate":11345373.9,"standard_error":22482.641054399595},"median_abs_dev":{"confidence_interval":{"confidence_level":0.95,"lower_bound":113537.35772430952,"upper_bound":204260.94889864276},"point_estimate":158247.5320905447,"standard_error":23132.12162888348},"slope":null,"std_dev":{"confidence_interval":{"confidence_level":0.95,"lower_bound":165961.8844371432,"upper_bound":219710.68034187396},"point_estimate":195583.9830364537,"standard_error":13664.925282313498}}