{"mean":{"confidence_interval":{"confidence_level":0.95,"lower_bound":4158825.690096154,"upper_bound":4179173.607076924},"point_estimate":4168887.991538462,"standard_error":5199.510309568606},"median":{"confidence_interval":{"confidence_level":0.95,"lower_bound":4157248.153846154,"upper_bound":4175905.5},"point_estimate":4162999.5384615385,"standard_error":5246.987187406193},"median_abs_dev":{"confidence_interval":{"confidence_level":0.95,"lower_bound":37618.0661552228,"upper_bound":66275.41211568448},"point_estimate":53896.2155431509,"standard_error":7349.508295888553},"slope":null,"std_dev":{"confidence_interval":{"confidence_level":0.95,"lower_bound":43897.67576200478,"upper_bound":60448.95894799873},"point_estimate":52090.242833369586,"standard_error":4266.967245524304}}