{"mean":{"confidence_interval":{"confidence_level":0.95,"lower_bound":18548097.773000002,"upper_bound":19483940.65666667},"point_estimate":18967935.566666666,"standard_error":239091.68668444868},"median":{"confidence_interval":{"confidence_level":0.95,"lower_bound":18290292.0,"upper_bound":18636672.0},"point_estimate":18419686.833333336,"standard_error":101617.1427867261},"median_abs_dev":{"confidence_interval":{"confidence_level":0.95,"lower_bound":434788.5037809592,"upper_bound":658588.6995077133},"point_estimate":542771.943163868,"standard_error":56004.1891608},"slope":null,"std_dev":{"confidence_interval":{"confidence_level":0.95,"lower_bound":1206891.896944484,"upper_bound":3327809.923659808},"point_estimate":2414099.672803699,"standard_error":559606.3758909408}}