{"mean":{"confidence_interval":{"confidence_level":0.95,"lower_bound":0.015455271024933447,"upper_bound":0.023883286116505833},"point_estimate":0.01957060685558276,"standard_error":0.0021626517256105636},"median":{"confidence_interval":{"confidence_level":0.95,"lower_bound":0.013795157916045575,"upper_bound":0.024338935104044168},"point_estimate":0.01912710027546871,"standard_error":0.0025172350658148913}}