{"mean":{"confidence_interval":{"confidence_level":0.95,"lower_bound":4103887.0610000035,"upper_bound":4127835.7838461543},"point_estimate":4115384.3400000012,"standard_error":6101.525380455709},"median":{"confidence_interval":{"confidence_level":0.95,"lower_bound":4092155.769230769,"upper_bound":4111946.5384615385},"point_estimate":4100527.076923077,"standard_error":5247.510783952857},"median_abs_dev":{"confidence_interval":{"confidence_level":0.95,"lower_bound":33857.79346044215,"upper_bound":56302.81743888703},"point_estimate":45292.801942045975,"standard_error":5561.85838762158},"slope":null,"std_dev":{"confidence_interval":{"confidence_level":0.95,"lower_bound":45630.10075431137,"upper_bound":75849.5641932758},"point_estimate":61318.20305814272,"standard_error":7786.896744415582}}