{"mean":{"confidence_interval":{"confidence_level":0.95,"lower_bound":70374519.1495,"upper_bound":72002546.212},"point_estimate":71145972.56,"standard_error":415742.3268909943},"median":{"confidence_interval":{"confidence_level":0.95,"lower_bound":69709037.5,"upper_bound":70646586.0},"point_estimate":69891684.5,"standard_error":301356.18397803453},"median_abs_dev":{"confidence_interval":{"confidence_level":0.95,"lower_bound":1912199.6246516705,"upper_bound":3106371.6342508793},"point_estimate":2592858.3073675632,"standard_error":301044.360869101},"slope":null,"std_dev":{"confidence_interval":{"confidence_level":0.95,"lower_bound":3020481.011781736,"upper_bound":5188820.413031262},"point_estimate":4173162.6513614813,"standard_error":555000.2216675582}}