{"mean":{"confidence_interval":{"confidence_level":0.95,"lower_bound":6879177.94003125,"upper_bound":6914450.699312501},"point_estimate":6896200.7925,"standard_error":8975.19711378615},"median":{"confidence_interval":{"confidence_level":0.95,"lower_bound":6857623.75,"upper_bound":6900846.1875},"point_estimate":6880224.0,"standard_error":10524.12078016593},"median_abs_dev":{"confidence_interval":{"confidence_level":0.95,"lower_bound":56170.33857777715,"upper_bound":93288.52619379759},"point_estimate":73482.19515793025,"standard_error":9248.438313956243},"slope":null,"std_dev":{"confidence_interval":{"confidence_level":0.95,"lower_bound":68951.93505683335,"upper_bound":110598.76614200273},"point_estimate":90574.77575983912,"standard_error":10656.409232240774}}