{"mean":{"confidence_interval":{"confidence_level":0.95,"lower_bound":5100638.0414285725,"upper_bound":5529501.235821429},"point_estimate":5293401.787142856,"standard_error":110980.99355954959},"median":{"confidence_interval":{"confidence_level":0.95,"lower_bound":5020022.357142856,"upper_bound":5157603.214285715},"point_estimate":5081299.428571429,"standard_error":38482.79619261109},"median_abs_dev":{"confidence_interval":{"confidence_level":0.95,"lower_bound":221689.46756422656,"upper_bound":364272.6955328668},"point_estimate":285222.688836285,"standard_error":37722.1514270649},"slope":null,"std_dev":{"confidence_interval":{"confidence_level":0.95,"lower_bound":432946.8098120442,"upper_bound":1604417.1888894273},"point_estimate":1125044.1917221483,"standard_error":291607.5881149556}}