{"mean":{"confidence_interval":{"confidence_level":0.95,"lower_bound":-0.0677649523981125,"upper_bound":0.030139741655851204},"point_estimate":-0.01864458950392489,"standard_error":0.0249736545959231},"median":{"confidence_interval":{"confidence_level":0.95,"lower_bound":-0.02537061307188926,"upper_bound":0.018701331032532693},"point_estimate":-0.010567836846982592,"standard_error":0.012057876913478264}}