{"mean":{"confidence_interval":{"confidence_level":0.95,"lower_bound":0.022778643931999177,"upper_bound":0.030044942518440854},"point_estimate":0.026255945599818586,"standard_error":0.0018745710244751133},"median":{"confidence_interval":{"confidence_level":0.95,"lower_bound":0.019339403086297002,"upper_bound":0.02764240118011907},"point_estimate":0.021709003518718628,"standard_error":0.002170411756660749}}