{"mean":{"confidence_interval":{"confidence_level":0.95,"lower_bound":-0.005981075880423228,"upper_bound":0.010754068899978873},"point_estimate":0.0020315974447702168,"standard_error":0.004348081384527708},"median":{"confidence_interval":{"confidence_level":0.95,"lower_bound":-0.003922853205472987,"upper_bound":0.00525853807575552},"point_estimate":0.001466311367939399,"standard_error":0.002275670954088757}}