{"mean":{"confidence_interval":{"confidence_level":0.95,"lower_bound":-0.05477647080833306,"upper_bound":0.03086076536140202},"point_estimate":-0.01176238905697069,"standard_error":0.021766111996897344},"median":{"confidence_interval":{"confidence_level":0.95,"lower_bound":-0.012108900708940218,"upper_bound":0.038255762416893324},"point_estimate":0.008703525008482371,"standard_error":0.013424501210952957}}