{"mean":{"confidence_interval":{"confidence_level":0.95,"lower_bound":3357115.515766667,"upper_bound":3375729.1875500013},"point_estimate":3366141.0980000007,"standard_error":4738.508605927369},"median":{"confidence_interval":{"confidence_level":0.95,"lower_bound":3342551.0666666664,"upper_bound":3368860.7333333334},"point_estimate":3356798.2333333334,"standard_error":5837.677170936943},"median_abs_dev":{"confidence_interval":{"confidence_level":0.95,"lower_bound":31455.829441547165,"upper_bound":48913.04877161966},"point_estimate":40462.031241655255,"standard_error":4313.569481519291},"slope":null,"std_dev":{"confidence_interval":{"confidence_level":0.95,"lower_bound":39131.010747852204,"upper_bound":55454.123904867185},"point_estimate":47874.31220200116,"standard_error":4191.33730635183}}