{"mean":{"confidence_interval":{"confidence_level":0.95,"lower_bound":60749039.01075,"upper_bound":60911721.471},"point_estimate":60825541.98,"standard_error":41582.30525885805},"median":{"confidence_interval":{"confidence_level":0.95,"lower_bound":60701407.0,"upper_bound":60874915.0},"point_estimate":60798796.0,"standard_error":39270.75211406522},"median_abs_dev":{"confidence_interval":{"confidence_level":0.95,"lower_bound":245787.40661390146,"upper_bound":370770.0840175152},"point_estimate":315612.1758967638,"standard_error":33399.89497435798},"slope":null,"std_dev":{"confidence_interval":{"confidence_level":0.95,"lower_bound":282241.24845262937,"upper_bound":572877.58649934},"point_estimate":418576.95143459877,"standard_error":80080.65295599938}}