{"mean":{"confidence_interval":{"confidence_level":0.95,"lower_bound":0.011186749993964747,"upper_bound":0.031805707123298235},"point_estimate":0.021457899712554962,"standard_error":0.005267161925078565},"median":{"confidence_interval":{"confidence_level":0.95,"lower_bound":-0.01107677372870329,"upper_bound":0.04528100893617726},"point_estimate":0.019746046862496813,"standard_error":0.018315480294693837}}