{"mean":{"confidence_interval":{"confidence_level":0.95,"lower_bound":10541728.4265,"upper_bound":10667410.666850004},"point_estimate":10602850.948,"standard_error":31842.91818286156},"median":{"confidence_interval":{"confidence_level":0.95,"lower_bound":10525089.9,"upper_bound":10623219.4},"point_estimate":10589337.9,"standard_error":24053.460359243414},"median_abs_dev":{"confidence_interval":{"confidence_level":0.95,"lower_bound":129204.72923965882,"upper_bound":330695.1102089879},"point_estimate":216034.23822462503,"standard_error":55985.48480209786},"slope":null,"std_dev":{"confidence_interval":{"confidence_level":0.95,"lower_bound":259165.1485911391,"upper_bound":370200.33770159126},"point_estimate":318920.0519230918,"standard_error":28427.81771039422}}