{"mean":{"confidence_interval":{"confidence_level":0.95,"lower_bound":14707651.754625,"upper_bound":14781159.9915625},"point_estimate":14742538.7,"standard_error":18815.226481014597},"median":{"confidence_interval":{"confidence_level":0.95,"lower_bound":14663878.25,"upper_bound":14746375.318749996},"point_estimate":14697888.0,"standard_error":18199.65058011919},"median_abs_dev":{"confidence_interval":{"confidence_level":0.95,"lower_bound":125846.79226577282,"upper_bound":200569.08963918686},"point_estimate":151610.4879833758,"standard_error":18199.719557338824},"slope":null,"std_dev":{"confidence_interval":{"confidence_level":0.95,"lower_bound":136487.02455093557,"upper_bound":246590.74147502807},"point_estimate":189921.62325251423,"standard_error":29074.405915966156}}