{"mean":{"confidence_interval":{"confidence_level":0.95,"lower_bound":10561466.545999996,"upper_bound":10594794.313999994},"point_estimate":10577499.691999998,"standard_error":8500.893285176788},"median":{"confidence_interval":{"confidence_level":0.95,"lower_bound":10539015.2,"upper_bound":10574946.8},"point_estimate":10551668.9,"standard_error":7803.574620696601},"median_abs_dev":{"confidence_interval":{"confidence_level":0.95,"lower_bound":46041.549142599935,"upper_bound":85248.31240653881},"point_estimate":63560.839991569796,"standard_error":9664.020611660777},"slope":null,"std_dev":{"confidence_interval":{"confidence_level":0.95,"lower_bound":65553.88234607229,"upper_bound":103168.64055026959},"point_estimate":84957.29040535688,"standard_error":9659.249325199142}}