{"mean":{"confidence_interval":{"confidence_level":0.95,"lower_bound":-0.020428198845977314,"upper_bound":-0.010414618225525014},"point_estimate":-0.015236397860653561,"standard_error":0.0025699030445353608},"median":{"confidence_interval":{"confidence_level":0.95,"lower_bound":-0.02173379501160233,"upper_bound":-0.008219356443388018},"point_estimate":-0.014432795481680527,"standard_error":0.003554559799333093}}