{"mean":{"confidence_interval":{"confidence_level":0.95,"lower_bound":-0.04743218247722836,"upper_bound":0.04120039368889611},"point_estimate":-0.004579296716109571,"standard_error":0.022573719018094088},"median":{"confidence_interval":{"confidence_level":0.95,"lower_bound":-0.021930673405314294,"upper_bound":0.023698255814728675},"point_estimate":-0.003682665826175935,"standard_error":0.010539627549924132}}