{"mean":{"confidence_interval":{"confidence_level":0.95,"lower_bound":-0.7842947967155887,"upper_bound":-0.7795932399588245},"point_estimate":-0.7819556056744796,"standard_error":0.0012147225666183624},"median":{"confidence_interval":{"confidence_level":0.95,"lower_bound":-0.787129583044977,"upper_bound":-0.7815909641528138},"point_estimate":-0.785294733277951,"standard_error":0.0014271624577808495}}