{"mean":{"confidence_interval":{"confidence_level":0.95,"lower_bound":6357533.255468749,"upper_bound":6395744.69909375},"point_estimate":6375750.3175,"standard_error":9735.75052842115},"median":{"confidence_interval":{"confidence_level":0.95,"lower_bound":6332578.0,"upper_bound":6357580.8125},"point_estimate":6341047.875,"standard_error":6545.488168791474},"median_abs_dev":{"confidence_interval":{"confidence_level":0.95,"lower_bound":43572.87192642689,"upper_bound":81221.18169553578},"point_estimate":58545.18574811518,"standard_error":9337.013992928956},"slope":null,"std_dev":{"confidence_interval":{"confidence_level":0.95,"lower_bound":74493.84331814195,"upper_bound":117962.92113442237},"point_estimate":98042.44534609516,"standard_error":11100.109239118423}}