{"mean":{"confidence_interval":{"confidence_level":0.95,"lower_bound":6666763.939718749,"upper_bound":6695951.88875},"point_estimate":6681209.28625,"standard_error":7440.656693347133},"median":{"confidence_interval":{"confidence_level":0.95,"lower_bound":6657253.25,"upper_bound":6697923.625},"point_estimate":6681651.4375,"standard_error":10250.150055808936},"median_abs_dev":{"confidence_interval":{"confidence_level":0.95,"lower_bound":53461.999075859785,"upper_bound":100504.80357818305},"point_estimate":83161.44174858928,"standard_error":11718.210316555473},"slope":null,"std_dev":{"confidence_interval":{"confidence_level":0.95,"lower_bound":64341.866870558006,"upper_bound":84636.13389019457},"point_estimate":74954.74264127179,"standard_error":5197.657506230141}}