{"mean":{"confidence_interval":{"confidence_level":0.95,"lower_bound":0.00006603960622368968,"upper_bound":0.005861526133520314},"point_estimate":0.002959426851028679,"standard_error":0.0014715939912764132},"median":{"confidence_interval":{"confidence_level":0.95,"lower_bound":-0.0021313794345485526,"upper_bound":0.004410840289179818},"point_estimate":0.001261063745837232,"standard_error":0.0016959217309588355}}