{"mean":{"confidence_interval":{"confidence_level":0.95,"lower_bound":59138943.913,"upper_bound":59678594.18},"point_estimate":59384712.32,"standard_error":138853.80237731652},"median":{"confidence_interval":{"confidence_level":0.95,"lower_bound":59049472.5,"upper_bound":59510406.0},"point_estimate":59269160.0,"standard_error":135338.4912703682},"median_abs_dev":{"confidence_interval":{"confidence_level":0.95,"lower_bound":715424.9107986689,"upper_bound":1193868.0766046047},"point_estimate":936151.4296799898,"standard_error":116998.79774673993},"slope":null,"std_dev":{"confidence_interval":{"confidence_level":0.95,"lower_bound":773800.4588052033,"upper_bound":1946800.7647516767},"point_estimate":1392557.6313516924,"standard_error":314534.29216617125}}