{"mean":{"confidence_interval":{"confidence_level":0.95,"lower_bound":6756252.1523124995,"upper_bound":6791184.67659375},"point_estimate":6772712.83625,"standard_error":8938.681954743972},"median":{"confidence_interval":{"confidence_level":0.95,"lower_bound":6730505.625,"upper_bound":6762865.25},"point_estimate":6747225.5,"standard_error":7643.261247370501},"median_abs_dev":{"confidence_interval":{"confidence_level":0.95,"lower_bound":40974.61547255516,"upper_bound":67984.43646803498},"point_estimate":54844.245563820004,"standard_error":6330.508779201987},"slope":null,"std_dev":{"confidence_interval":{"confidence_level":0.95,"lower_bound":64277.84555374949,"upper_bound":114083.38169944208},"point_estimate":90189.35521570168,"standard_error":12794.68332549479}}