{"mean":{"confidence_interval":{"confidence_level":0.95,"lower_bound":5221717.867050001,"upper_bound":5627709.132549997},"point_estimate":5407396.137999998,"standard_error":103932.0612724241},"median":{"confidence_interval":{"confidence_level":0.95,"lower_bound":5091509.5,"upper_bound":5173519.4},"point_estimate":5140097.8,"standard_error":19783.295916371993},"median_abs_dev":{"confidence_interval":{"confidence_level":0.95,"lower_bound":148624.1035356446,"upper_bound":241117.68000930533},"point_estimate":195080.65279662624,"standard_error":24018.09259853228},"slope":null,"std_dev":{"confidence_interval":{"confidence_level":0.95,"lower_bound":607142.5649618095,"upper_bound":1373592.185474422},"point_estimate":1043385.9319854103,"standard_error":195639.9551754369}}