{"mean":{"confidence_interval":{"confidence_level":0.95,"lower_bound":-0.020296407889120127,"upper_bound":0.04999691744082805},"point_estimate":0.011280934099850759,"standard_error":0.017893167501700686},"median":{"confidence_interval":{"confidence_level":0.95,"lower_bound":-0.009350368747517046,"upper_bound":0.011723016955172527},"point_estimate":0.001373651784663421,"standard_error":0.005323300348891411}}