{"mean":{"confidence_interval":{"confidence_level":0.95,"lower_bound":11378470.779999996,"upper_bound":11439552.251999998},"point_estimate":11407994.213999998,"standard_error":15606.185422097677},"median":{"confidence_interval":{"confidence_level":0.95,"lower_bound":11328282.4,"upper_bound":11379123.6},"point_estimate":11359627.0,"standard_error":14047.560793348166},"median_abs_dev":{"confidence_interval":{"confidence_level":0.95,"lower_bound":63750.76104819747,"upper_bound":127359.34075891861},"point_estimate":96094.86555397455,"standard_error":16600.180721674897},"slope":null,"std_dev":{"confidence_interval":{"confidence_level":0.95,"lower_bound":123877.782119166,"upper_bound":186259.63620467743},"point_estimate":157468.0578337368,"standard_error":15948.225771010597}}