{"mean":{"confidence_interval":{"confidence_level":0.95,"lower_bound":116594.07493555186,"upper_bound":116986.5805917501},"point_estimate":116787.20449545374,"standard_error":99.81524508145235},"median":{"confidence_interval":{"confidence_level":0.95,"lower_bound":116494.68724279835,"upper_bound":116933.97901234568},"point_estimate":116781.40900337024,"standard_error":111.47031328038558},"median_abs_dev":{"confidence_interval":{"confidence_level":0.95,"lower_bound":655.5406947269014,"upper_bound":1102.4485773045},"point_estimate":866.7341221123897,"standard_error":113.60828094816455},"slope":{"confidence_interval":{"confidence_level":0.95,"lower_bound":116357.01818236658,"upper_bound":116933.58100166245},"point_estimate":116633.44060391113,"standard_error":146.27863265376902},"std_dev":{"confidence_interval":{"confidence_level":0.95,"lower_bound":818.8008166134774,"upper_bound":1173.6796468704222},"point_estimate":1005.6662172981684,"standard_error":90.34456290374847}}