{"mean":{"confidence_interval":{"confidence_level":0.95,"lower_bound":0.005356037447691253,"upper_bound":0.014505307188890742},"point_estimate":0.009883484137836573,"standard_error":0.0023356612624936134},"median":{"confidence_interval":{"confidence_level":0.95,"lower_bound":0.00047171039533910886,"upper_bound":0.012440199963896337},"point_estimate":0.007177789147136071,"standard_error":0.0031128691354660753}}