{"mean":{"confidence_interval":{"confidence_level":0.95,"lower_bound":11379427.85,"upper_bound":11473591.930049997},"point_estimate":11423808.870000003,"standard_error":24141.90793368143},"median":{"confidence_interval":{"confidence_level":0.95,"lower_bound":11309917.6,"upper_bound":11371366.7},"point_estimate":11335223.2,"standard_error":16319.133859222973},"median_abs_dev":{"confidence_interval":{"confidence_level":0.95,"lower_bound":75781.61505460739,"upper_bound":151993.135917083},"point_estimate":107225.92963635839,"standard_error":18980.98080937301},"slope":null,"std_dev":{"confidence_interval":{"confidence_level":0.95,"lower_bound":171574.38417485202,"upper_bound":307286.95399186393},"point_estimate":242122.84606200375,"standard_error":34936.24242020282}}