{"mean":{"confidence_interval":{"confidence_level":0.95,"lower_bound":70823376.29650001,"upper_bound":71083238.38},"point_estimate":70933162.97,"standard_error":67109.59862995557},"median":{"confidence_interval":{"confidence_level":0.95,"lower_bound":70694136.0,"upper_bound":70885602.0},"point_estimate":70797028.0,"standard_error":42020.845841444985},"median_abs_dev":{"confidence_interval":{"confidence_level":0.95,"lower_bound":148563.18906247616,"upper_bound":325313.5873570293},"point_estimate":219695.3705996275,"standard_error":40506.69259644433},"slope":null,"std_dev":{"confidence_interval":{"confidence_level":0.95,"lower_bound":304074.0072848228,"upper_bound":1048541.7956053311},"point_estimate":672724.1336706588,"standard_error":234580.1318532581}}