{"mean":{"confidence_interval":{"confidence_level":0.95,"lower_bound":62096363.349249996,"upper_bound":62373536.48},"point_estimate":62231637.37,"standard_error":69970.58226554582},"median":{"confidence_interval":{"confidence_level":0.95,"lower_bound":62065159.0,"upper_bound":62273151.0},"point_estimate":62177347.0,"standard_error":47432.96983518658},"median_abs_dev":{"confidence_interval":{"confidence_level":0.95,"lower_bound":421511.32681667805,"upper_bound":667710.4143782703},"point_estimate":525506.819370389,"standard_error":60026.69359057013},"slope":null,"std_dev":{"confidence_interval":{"confidence_level":0.95,"lower_bound":524742.9401602059,"upper_bound":888049.7967044062},"point_estimate":704177.8242288162,"standard_error":94055.46044966408}}