{"mean":{"confidence_interval":{"confidence_level":0.95,"lower_bound":15090942.4235625,"upper_bound":16118458.12},"point_estimate":15618865.5125,"standard_error":263525.7983284466},"median":{"confidence_interval":{"confidence_level":0.95,"lower_bound":15718202.75,"upper_bound":16509956.25},"point_estimate":16023601.875,"standard_error":220603.28791202357},"median_abs_dev":{"confidence_interval":{"confidence_level":0.95,"lower_bound":1485553.4425536545,"upper_bound":2634775.856423378},"point_estimate":2024678.3689297736,"standard_error":279193.9172744},"slope":null,"std_dev":{"confidence_interval":{"confidence_level":0.95,"lower_bound":2189716.7883236003,"upper_bound":3030328.7079321537},"point_estimate":2648349.228035761,"standard_error":215863.81216956265}}