{"mean":{"confidence_interval":{"confidence_level":0.95,"lower_bound":-0.018697769099069846,"upper_bound":-0.01146240066769133},"point_estimate":-0.015144357221596683,"standard_error":0.0018471229024023036},"median":{"confidence_interval":{"confidence_level":0.95,"lower_bound":-0.02202764282623848,"upper_bound":-0.018021015326172507},"point_estimate":-0.019442785430783815,"standard_error":0.0010186268043373963}}