{"mean":{"confidence_interval":{"confidence_level":0.95,"lower_bound":2484026.8203125,"upper_bound":2634897.0960000004},"point_estimate":2550209.288,"standard_error":38844.456126034514},"median":{"confidence_interval":{"confidence_level":0.95,"lower_bound":2460011.9000000004,"upper_bound":2516129.15},"point_estimate":2475446.15,"standard_error":11298.588535926627},"median_abs_dev":{"confidence_interval":{"confidence_level":0.95,"lower_bound":108321.71927690541,"upper_bound":168191.2189190087},"point_estimate":142972.23043173578,"standard_error":13767.600155767455},"slope":null,"std_dev":{"confidence_interval":{"confidence_level":0.95,"lower_bound":150963.65914331411,"upper_bound":572063.0601043263},"point_estimate":388731.23591477465,"standard_error":109842.57933888953}}