{"mean":{"confidence_interval":{"confidence_level":0.95,"lower_bound":2472406.7679999997,"upper_bound":2647413.9745},"point_estimate":2548228.2285,"standard_error":44776.715772033866},"median":{"confidence_interval":{"confidence_level":0.95,"lower_bound":2428228.55,"upper_bound":2513748.85},"point_estimate":2472102.3,"standard_error":15668.575860778743},"median_abs_dev":{"confidence_interval":{"confidence_level":0.95,"lower_bound":88806.14462837618,"upper_bound":156474.30545702556},"point_estimate":137107.50971585512,"standard_error":17163.712118706233},"slope":null,"std_dev":{"confidence_interval":{"confidence_level":0.95,"lower_bound":119111.85036291555,"upper_bound":656739.5038849665},"point_estimate":446863.5952189975,"standard_error":126980.06474671273}}