{"mean":{"confidence_interval":{"confidence_level":0.95,"lower_bound":570460.1838414249,"upper_bound":573598.0854666933},"point_estimate":571977.2092883184,"standard_error":800.0402647841643},"median":{"confidence_interval":{"confidence_level":0.95,"lower_bound":570477.08,"upper_bound":572586.4016798419},"point_estimate":571424.4237347159,"standard_error":534.232382631163},"median_abs_dev":{"confidence_interval":{"confidence_level":0.95,"lower_bound":3516.5184612853113,"upper_bound":6189.20168664148},"point_estimate":4894.982357913758,"standard_error":673.6051277402244},"slope":{"confidence_interval":{"confidence_level":0.95,"lower_bound":571756.1764286966,"upper_bound":574017.1615424118},"point_estimate":572819.8900398995,"standard_error":576.5562879209668},"std_dev":{"confidence_interval":{"confidence_level":0.95,"lower_bound":5675.611567793935,"upper_bound":10620.435807186548},"point_estimate":8061.5790758411285,"standard_error":1301.0618225234584}}