{"mean":{"confidence_interval":{"confidence_level":0.95,"lower_bound":-0.0325067662667075,"upper_bound":-0.023777937673422976},"point_estimate":-0.028103367522292255,"standard_error":0.0022671887894517373},"median":{"confidence_interval":{"confidence_level":0.95,"lower_bound":-0.030058848045660946,"upper_bound":-0.014531655908040064},"point_estimate":-0.018550423774016278,"standard_error":0.003660297641290448}}