{"mean":{"confidence_interval":{"confidence_level":0.95,"lower_bound":9334884.178875003,"upper_bound":9373615.514333332},"point_estimate":9353085.11166666,"standard_error":9857.509985846751},"median":{"confidence_interval":{"confidence_level":0.95,"lower_bound":9306120.25,"upper_bound":9328616.666666666},"point_estimate":9316193.5,"standard_error":6270.827919686694},"median_abs_dev":{"confidence_interval":{"confidence_level":0.95,"lower_bound":35106.178990488945,"upper_bound":73802.59118974117},"point_estimate":51252.73979008198,"standard_error":10144.29359544378},"slope":null,"std_dev":{"confidence_interval":{"confidence_level":0.95,"lower_bound":69907.68443480266,"upper_bound":126390.15802333785},"point_estimate":98689.82510954268,"standard_error":14590.409535683488}}