{"mean":{"confidence_interval":{"confidence_level":0.95,"lower_bound":-0.044188464428347785,"upper_bound":-0.027784244166045968},"point_estimate":-0.03622782098549382,"standard_error":0.004376418059477249},"median":{"confidence_interval":{"confidence_level":0.95,"lower_bound":-0.04097918306814641,"upper_bound":-0.02720069482887333},"point_estimate":-0.03511030985473462,"standard_error":0.003808553274052915}}