{"mean":{"confidence_interval":{"confidence_level":0.95,"lower_bound":0.017413851855624118,"upper_bound":0.030076149080668527},"point_estimate":0.02377733102589863,"standard_error":0.0032288891236343666},"median":{"confidence_interval":{"confidence_level":0.95,"lower_bound":0.015305958477039416,"upper_bound":0.04007172953703142},"point_estimate":0.021972727670459102,"standard_error":0.007645987852493464}}