{"mean":{"confidence_interval":{"confidence_level":0.95,"lower_bound":6911907.1336875,"upper_bound":6939815.30825},"point_estimate":6925848.5625,"standard_error":7121.1841739974425},"median":{"confidence_interval":{"confidence_level":0.95,"lower_bound":6918375.6875,"upper_bound":6950754.125},"point_estimate":6935202.4375,"standard_error":8241.456644422273},"median_abs_dev":{"confidence_interval":{"confidence_level":0.95,"lower_bound":45640.237128473826,"upper_bound":84027.09480822086},"point_estimate":65402.951926365495,"standard_error":9975.508235462608},"slope":null,"std_dev":{"confidence_interval":{"confidence_level":0.95,"lower_bound":61485.23309695433,"upper_bound":80791.67729148113},"point_estimate":71532.9501955529,"standard_error":4950.709588233193}}