{"mean":{"confidence_interval":{"confidence_level":0.95,"lower_bound":34210.42281478531,"upper_bound":34479.67782105944},"point_estimate":34338.38944873605,"standard_error":68.50537003246052},"median":{"confidence_interval":{"confidence_level":0.95,"lower_bound":34091.99749645725,"upper_bound":34479.53373313343},"point_estimate":34261.90112925993,"standard_error":123.16554718961555},"median_abs_dev":{"confidence_interval":{"confidence_level":0.95,"lower_bound":451.74617467192456,"upper_bound":748.4797387804044},"point_estimate":593.7168365283851,"standard_error":72.54028697006626},"slope":{"confidence_interval":{"confidence_level":0.95,"lower_bound":33926.73814504749,"upper_bound":34202.90832735899},"point_estimate":34058.26172418889,"standard_error":70.45311026528807},"std_dev":{"confidence_interval":{"confidence_level":0.95,"lower_bound":507.76724472770815,"upper_bound":908.0047860324839},"point_estimate":686.5445781072995,"standard_error":115.19865857979758}}