{"mean":{"confidence_interval":{"confidence_level":0.95,"lower_bound":78.7119351629818,"upper_bound":79.01843727459722},"point_estimate":78.86693008323226,"standard_error":0.07829629367274325},"median":{"confidence_interval":{"confidence_level":0.95,"lower_bound":78.82710111957329,"upper_bound":79.11647565402836},"point_estimate":78.98795075474945,"standard_error":0.06915343357179393},"median_abs_dev":{"confidence_interval":{"confidence_level":0.95,"lower_bound":0.6139644795196204,"upper_bound":1.077793443851838},"point_estimate":0.8180587197606175,"standard_error":0.12472493252434468},"slope":{"confidence_interval":{"confidence_level":0.95,"lower_bound":78.38546307831223,"upper_bound":78.83811811175276},"point_estimate":78.60016556850942,"standard_error":0.11586934127331286},"std_dev":{"confidence_interval":{"confidence_level":0.95,"lower_bound":0.6904234957408479,"upper_bound":0.8655212543375542},"point_estimate":0.7845446503944075,"standard_error":0.045019345544709786}}