{"mean":{"confidence_interval":{"confidence_level":0.95,"lower_bound":-0.021468642841636937,"upper_bound":-0.009865011345577221},"point_estimate":-0.015163799770639752,"standard_error":0.002956159024499946},"median":{"confidence_interval":{"confidence_level":0.95,"lower_bound":-0.015295203095812449,"upper_bound":-0.008442824893966971},"point_estimate":-0.012187823927593544,"standard_error":0.0017340180860144579}}