{"mean":{"confidence_interval":{"confidence_level":0.95,"lower_bound":108446513.903,"upper_bound":109149689.65},"point_estimate":108788358.14,"standard_error":179049.81005593008},"median":{"confidence_interval":{"confidence_level":0.95,"lower_bound":107916133.0,"upper_bound":108570668.0},"point_estimate":108049680.5,"standard_error":172567.235395159},"median_abs_dev":{"confidence_interval":{"confidence_level":0.95,"lower_bound":819168.3613568544,"upper_bound":1525410.789218545},"point_estimate":1106744.5717513561,"standard_error":177787.2441378384},"slope":null,"std_dev":{"confidence_interval":{"confidence_level":0.95,"lower_bound":1424413.7618299013,"upper_bound":2106644.62332598},"point_estimate":1795281.344668272,"standard_error":175262.31469502224}}