{"mean":{"confidence_interval":{"confidence_level":0.95,"lower_bound":-0.812664593739314,"upper_bound":-0.8096765065852128},"point_estimate":-0.8112338242833874,"standard_error":0.0007832201690631526},"median":{"confidence_interval":{"confidence_level":0.95,"lower_bound":-0.8136528706322955,"upper_bound":-0.8116056268454479},"point_estimate":-0.812428750355632,"standard_error":0.0005033400911524167}}