{"mean":{"confidence_interval":{"confidence_level":0.95,"lower_bound":0.01928367136241066,"upper_bound":0.02622925317034583},"point_estimate":0.022796612040991704,"standard_error":0.0017657626006893753},"median":{"confidence_interval":{"confidence_level":0.95,"lower_bound":0.021727898206627794,"upper_bound":0.028814650371324246},"point_estimate":0.024524717578860322,"standard_error":0.0017714208466419615}}