{"mean":{"confidence_interval":{"confidence_level":0.95,"lower_bound":-0.027627584393899413,"upper_bound":0.0022531040410318386},"point_estimate":-0.012901888946490692,"standard_error":0.007593532104894088},"median":{"confidence_interval":{"confidence_level":0.95,"lower_bound":-0.040495533220766156,"upper_bound":-0.0106088865198809},"point_estimate":-0.026683464412301516,"standard_error":0.008263217252929419}}