{"mean":{"confidence_interval":{"confidence_level":0.95,"lower_bound":10329138.963249998,"upper_bound":10366527.251149999},"point_estimate":10347306.484,"standard_error":9556.60724823148},"median":{"confidence_interval":{"confidence_level":0.95,"lower_bound":10296602.4,"upper_bound":10350619.399999999},"point_estimate":10311455.1,"standard_error":13911.55494062211},"median_abs_dev":{"confidence_interval":{"confidence_level":0.95,"lower_bound":57245.408883690834,"upper_bound":117582.09060350164},"point_estimate":75808.74663412405,"standard_error":14625.455223420473},"slope":null,"std_dev":{"confidence_interval":{"confidence_level":0.95,"lower_bound":79794.7889496831,"upper_bound":110902.14140100314},"point_estimate":95866.96117464427,"standard_error":7941.518607218988}}