{"mean":{"confidence_interval":{"confidence_level":0.95,"lower_bound":14237955.421125,"upper_bound":15317126.193062501},"point_estimate":14792523.62,"standard_error":275812.52832822304},"median":{"confidence_interval":{"confidence_level":0.95,"lower_bound":15035976.5,"upper_bound":16096848.625},"point_estimate":15744072.5,"standard_error":228169.10529786002},"median_abs_dev":{"confidence_interval":{"confidence_level":0.95,"lower_bound":1490028.5408467054,"upper_bound":2727239.2184361946},"point_estimate":2105525.101469457,"standard_error":317890.66988350067},"slope":null,"std_dev":{"confidence_interval":{"confidence_level":0.95,"lower_bound":2392168.666857341,"upper_bound":3094024.059902982},"point_estimate":2780321.4806872583,"standard_error":179634.69682437967}}