{"mean":{"confidence_interval":{"confidence_level":0.95,"lower_bound":-0.06507982617893594,"upper_bound":0.02371530780625153},"point_estimate":-0.022916148576818007,"standard_error":0.022586090739041418},"median":{"confidence_interval":{"confidence_level":0.95,"lower_bound":-0.021274350899522787,"upper_bound":0.005043812663858782},"point_estimate":-0.009719901986216417,"standard_error":0.00677874419269281}}