{"mean":{"confidence_interval":{"confidence_level":0.95,"lower_bound":-0.029294312099254063,"upper_bound":-0.022912508119340525},"point_estimate":-0.026141091165424846,"standard_error":0.001620468365960389},"median":{"confidence_interval":{"confidence_level":0.95,"lower_bound":-0.031099709433644485,"upper_bound":-0.0255353723917785},"point_estimate":-0.028273306070545456,"standard_error":0.0014593114476177914}}