{"mean":{"confidence_interval":{"confidence_level":0.95,"lower_bound":-0.02562741747535176,"upper_bound":-0.014783948518664885},"point_estimate":-0.020160505893029423,"standard_error":0.0027808773363539705},"median":{"confidence_interval":{"confidence_level":0.95,"lower_bound":-0.030074451969346105,"upper_bound":-0.018483264223869034},"point_estimate":-0.024124869957968698,"standard_error":0.0031521499998466464}}