{"mean":{"confidence_interval":{"confidence_level":0.95,"lower_bound":-0.014021073640204228,"upper_bound":-0.004109778854910684},"point_estimate":-0.008526120774457469,"standard_error":0.002537434038431755},"median":{"confidence_interval":{"confidence_level":0.95,"lower_bound":-0.0102146177755843,"upper_bound":-0.0027991765450597894},"point_estimate":-0.00631411065415588,"standard_error":0.0019674653980217512}}