{"mean":{"confidence_interval":{"confidence_level":0.95,"lower_bound":-0.14759663892128028,"upper_bound":-0.14089999194557745},"point_estimate":-0.14417826868242745,"standard_error":0.0017381942151466804},"median":{"confidence_interval":{"confidence_level":0.95,"lower_bound":-0.14872251965579208,"upper_bound":-0.1422098628529831},"point_estimate":-0.14525751646925444,"standard_error":0.001667553974922341}}