{"mean":{"confidence_interval":{"confidence_level":0.95,"lower_bound":2522611.690500001,"upper_bound":2687068.401},"point_estimate":2595726.4360000007,"standard_error":42301.69564020894},"median":{"confidence_interval":{"confidence_level":0.95,"lower_bound":2473956.4,"upper_bound":2562542.15},"point_estimate":2524657.65,"standard_error":21057.628751028995},"median_abs_dev":{"confidence_interval":{"confidence_level":0.95,"lower_bound":122343.92743796123,"upper_bound":181550.74195683008},"point_estimate":152276.43482655293,"standard_error":13872.915825952077},"slope":null,"std_dev":{"confidence_interval":{"confidence_level":0.95,"lower_bound":192170.18558431056,"upper_bound":608190.038481749},"point_estimate":422909.1008844281,"standard_error":106650.32901599555}}