{"mean":{"confidence_interval":{"confidence_level":0.95,"lower_bound":-0.03564106712081343,"upper_bound":-0.027396791695591973},"point_estimate":-0.031732082616411916,"standard_error":0.0021447503629978544},"median":{"confidence_interval":{"confidence_level":0.95,"lower_bound":-0.034831841828301346,"upper_bound":-0.028916106797887475},"point_estimate":-0.03184589670525029,"standard_error":0.0015947953883727977}}