{"mean":{"confidence_interval":{"confidence_level":0.95,"lower_bound":-0.027770282737577177,"upper_bound":-0.010002797909258362},"point_estimate":-0.019314610606376292,"standard_error":0.004529615477374215},"median":{"confidence_interval":{"confidence_level":0.95,"lower_bound":-0.025145712238347162,"upper_bound":-0.006287430594396293},"point_estimate":-0.01456210557081239,"standard_error":0.004772391728953792}}