{"mean":{"confidence_interval":{"confidence_level":0.95,"lower_bound":1096505673.862,"upper_bound":1101681065.5384998},"point_estimate":1099052576.89,"standard_error":1317760.2815081645},"median":{"confidence_interval":{"confidence_level":0.95,"lower_bound":1092893032.0,"upper_bound":1101303945.0},"point_estimate":1097185048.0,"standard_error":2095033.2143902346},"median_abs_dev":{"confidence_interval":{"confidence_level":0.95,"lower_bound":9706100.905449765,"upper_bound":15116119.273305226},"point_estimate":12400336.45235002,"standard_error":1365813.217028567},"slope":null,"std_dev":{"confidence_interval":{"confidence_level":0.95,"lower_bound":11385893.851858467,"upper_bound":14930005.34124664},"point_estimate":13296921.224930475,"standard_error":908374.4787074879}}