{"mean":{"confidence_interval":{"confidence_level":0.95,"lower_bound":24730017.42,"upper_bound":25930038.696624998},"point_estimate":25250291.775,"standard_error":310235.8635509192},"median":{"confidence_interval":{"confidence_level":0.95,"lower_bound":24514675.5,"upper_bound":24808958.5},"point_estimate":24632115.5,"standard_error":74867.54611243733},"median_abs_dev":{"confidence_interval":{"confidence_level":0.95,"lower_bound":570317.6622748375,"upper_bound":936816.3757681847},"point_estimate":749819.0062880516,"standard_error":93620.07221913076},"slope":null,"std_dev":{"confidence_interval":{"confidence_level":0.95,"lower_bound":1274954.3209447765,"upper_bound":4809588.328095694},"point_estimate":3148188.641720916,"standard_error":988468.6422936785}}