{"mean":{"confidence_interval":{"confidence_level":0.95,"lower_bound":-0.11120780976942116,"upper_bound":-0.10480860843460327},"point_estimate":-0.10805839448274868,"standard_error":0.0016270669313689843},"median":{"confidence_interval":{"confidence_level":0.95,"lower_bound":-0.11447158229007237,"upper_bound":-0.10255765591953725},"point_estimate":-0.1074107764581852,"standard_error":0.0032250544477588562}}