{"mean":{"confidence_interval":{"confidence_level":0.95,"lower_bound":0.007983920860952827,"upper_bound":0.014787545123525475},"point_estimate":0.0114891494076228,"standard_error":0.001741072581981777},"median":{"confidence_interval":{"confidence_level":0.95,"lower_bound":0.005547376083692029,"upper_bound":0.014582945627913624},"point_estimate":0.009239243155455323,"standard_error":0.0023123320398971163}}