{"mean":{"confidence_interval":{"confidence_level":0.95,"lower_bound":-0.04674856208223684,"upper_bound":0.055288405574220524},"point_estimate":0.0038095568503362376,"standard_error":0.025955655185974792},"median":{"confidence_interval":{"confidence_level":0.95,"lower_bound":-0.007621497367117496,"upper_bound":0.017694249738870127},"point_estimate":0.00585860448024933,"standard_error":0.006223785876607453}}