{"mean":{"confidence_interval":{"confidence_level":0.95,"lower_bound":18683105.90333333,"upper_bound":19950018.825833328},"point_estimate":19262555.95666667,"standard_error":324747.2148920554},"median":{"confidence_interval":{"confidence_level":0.95,"lower_bound":18292564.333333332,"upper_bound":18550524.333333332},"point_estimate":18401059.666666668,"standard_error":62686.613273657415},"median_abs_dev":{"confidence_interval":{"confidence_level":0.95,"lower_bound":359078.30062508583,"upper_bound":596240.9228146131},"point_estimate":476939.06813263893,"standard_error":56029.51481411344},"slope":null,"std_dev":{"confidence_interval":{"confidence_level":0.95,"lower_bound":1683945.4123369872,"upper_bound":4498367.900336716},"point_estimate":3266472.33587616,"standard_error":711987.5313438049}}