{"mean":{"confidence_interval":{"confidence_level":0.95,"lower_bound":-0.11268876554326457,"upper_bound":-0.07963754278566437},"point_estimate":-0.09643939441141247,"standard_error":0.010568939826298224},"median":{"confidence_interval":{"confidence_level":0.95,"lower_bound":-0.11694849624916792,"upper_bound":-0.0805478021947359},"point_estimate":-0.09972652354535017,"standard_error":0.010811629534435893}}