{"mean":{"confidence_interval":{"confidence_level":0.95,"lower_bound":126374229.82975,"upper_bound":127168588.52225},"point_estimate":126781387.55,"standard_error":203863.03826382864},"median":{"confidence_interval":{"confidence_level":0.95,"lower_bound":126817225.0,"upper_bound":127264473.5},"point_estimate":126983568.0,"standard_error":101865.67450615203},"median_abs_dev":{"confidence_interval":{"confidence_level":0.95,"lower_bound":703068.9226180315,"upper_bound":1475596.4123254244},"point_estimate":1069139.9060189724,"standard_error":190023.27485083562},"slope":null,"std_dev":{"confidence_interval":{"confidence_level":0.95,"lower_bound":1691612.582687739,"upper_bound":2357569.086649878},"point_estimate":2047054.7653749944,"standard_error":169432.45089003295}}