{"mean":{"confidence_interval":{"confidence_level":0.95,"lower_bound":18649467.76666667,"upper_bound":19806032.11208333},"point_estimate":19169714.676666666,"standard_error":295496.75145461306},"median":{"confidence_interval":{"confidence_level":0.95,"lower_bound":18357227.78333334,"upper_bound":18643059.666666668},"point_estimate":18467537.333333336,"standard_error":80992.64332540038},"median_abs_dev":{"confidence_interval":{"confidence_level":0.95,"lower_bound":325609.2857442796,"upper_bound":529459.1838002186},"point_estimate":384151.0429799566,"standard_error":54930.720212897555},"slope":null,"std_dev":{"confidence_interval":{"confidence_level":0.95,"lower_bound":1531971.3762694544,"upper_bound":4100935.447300348},"point_estimate":2976531.179177198,"standard_error":653345.2558762383}}