{"mean":{"confidence_interval":{"confidence_level":0.95,"lower_bound":18534685.79758334,"upper_bound":19357830.421416666},"point_estimate":18895007.993333343,"standard_error":211723.3209941257},"median":{"confidence_interval":{"confidence_level":0.95,"lower_bound":18327603.0,"upper_bound":18622215.666666668},"point_estimate":18480929.166666664,"standard_error":65406.71757088752},"median_abs_dev":{"confidence_interval":{"confidence_level":0.95,"lower_bound":404262.01742291724,"upper_bound":619656.3654989004},"point_estimate":501207.99420177843,"standard_error":55763.16837592133},"slope":null,"std_dev":{"confidence_interval":{"confidence_level":0.95,"lower_bound":789531.5850570432,"upper_bound":3043605.7281457894},"point_estimate":2123518.6009249534,"standard_error":554335.5079934739}}