{"mean":{"confidence_interval":{"confidence_level":0.95,"lower_bound":-0.03291547794714304,"upper_bound":-0.023081964004344955},"point_estimate":-0.02814806806338921,"standard_error":0.0025028608570310212},"median":{"confidence_interval":{"confidence_level":0.95,"lower_bound":-0.030709348612832033,"upper_bound":-0.02402490870001696},"point_estimate":-0.026794983499513036,"standard_error":0.001523107868690136}}