{"mean":{"confidence_interval":{"confidence_level":0.95,"lower_bound":17134029.97066667,"upper_bound":17253667.687250003},"point_estimate":17192071.956666663,"standard_error":30532.4102107618},"median":{"confidence_interval":{"confidence_level":0.95,"lower_bound":17117559.666666668,"upper_bound":17216810.666666664},"point_estimate":17157211.333333336,"standard_error":29500.50890818321},"median_abs_dev":{"confidence_interval":{"confidence_level":0.95,"lower_bound":222013.66275847142,"upper_bound":400844.3773835879},"point_estimate":342236.9533240814,"standard_error":44342.83840743855},"slope":null,"std_dev":{"confidence_interval":{"confidence_level":0.95,"lower_bound":253662.81279601518,"upper_bound":355830.70099985134},"point_estimate":307155.52487643104,"standard_error":26239.849861146507}}