{"mean":{"confidence_interval":{"confidence_level":0.95,"lower_bound":-0.023134538300148333,"upper_bound":-0.016513205374079413},"point_estimate":-0.019895755145753258,"standard_error":0.001693466134274594},"median":{"confidence_interval":{"confidence_level":0.95,"lower_bound":-0.028209045991438475,"upper_bound":-0.020496405289334496},"point_estimate":-0.026132712523515234,"standard_error":0.00165275718478587}}