{"mean":{"confidence_interval":{"confidence_level":0.95,"lower_bound":13939312.819875,"upper_bound":14022485.2583125},"point_estimate":13978799.715,"standard_error":21189.39898322392},"median":{"confidence_interval":{"confidence_level":0.95,"lower_bound":13881410.75,"upper_bound":13997358.5},"point_estimate":13929643.5,"standard_error":26093.200342365493},"median_abs_dev":{"confidence_interval":{"confidence_level":0.95,"lower_bound":118185.271576792,"upper_bound":190620.65849080682},"point_estimate":141108.12041983008,"standard_error":18050.576485422607},"slope":null,"std_dev":{"confidence_interval":{"confidence_level":0.95,"lower_bound":152804.22623640212,"upper_bound":267416.74976138235},"point_estimate":212036.43758172143,"standard_error":29475.57807220488}}