{"mean":{"confidence_interval":{"confidence_level":0.95,"lower_bound":-0.8597678004090229,"upper_bound":-0.8574072192717199},"point_estimate":-0.8586948310436491,"standard_error":0.0006089501397744199},"median":{"confidence_interval":{"confidence_level":0.95,"lower_bound":-0.8606280484785225,"upper_bound":-0.8586538908827674},"point_estimate":-0.8595343839366844,"standard_error":0.0005155832579102953}}