{"mean":{"confidence_interval":{"confidence_level":0.95,"lower_bound":7429019.696999999,"upper_bound":7503021.039571427},"point_estimate":7465075.602857144,"standard_error":18815.44136874034},"median":{"confidence_interval":{"confidence_level":0.95,"lower_bound":7453827.0,"upper_bound":7521767.428571428},"point_estimate":7497745.785714285,"standard_error":17048.52872641089},"median_abs_dev":{"confidence_interval":{"confidence_level":0.95,"lower_bound":92543.67855702147,"upper_bound":172018.04772607},"point_estimate":129161.14450693199,"standard_error":20361.815010290098},"slope":null,"std_dev":{"confidence_interval":{"confidence_level":0.95,"lower_bound":143363.61005279908,"upper_bound":238223.78326705343},"point_estimate":189337.8176161728,"standard_error":24883.192872233743}}