{"mean":{"confidence_interval":{"confidence_level":0.95,"lower_bound":64716.42618816409,"upper_bound":65219.27908819325},"point_estimate":64952.10660153095,"standard_error":128.01104334220935},"median":{"confidence_interval":{"confidence_level":0.95,"lower_bound":64446.666666666664,"upper_bound":64941.160233918126},"point_estimate":64675.29856183515,"standard_error":141.93786339804268},"median_abs_dev":{"confidence_interval":{"confidence_level":0.95,"lower_bound":731.6253974417416,"upper_bound":1181.2398767834375},"point_estimate":982.3468697292589,"standard_error":114.57858772140547},"slope":{"confidence_interval":{"confidence_level":0.95,"lower_bound":64669.055574476406,"upper_bound":65180.86158069828},"point_estimate":64905.01354317521,"standard_error":130.93440104994974},"std_dev":{"confidence_interval":{"confidence_level":0.95,"lower_bound":903.2159116768823,"upper_bound":1698.85361580541},"point_estimate":1280.6516337596534,"standard_error":214.18186676097997}}