{"mean":{"confidence_interval":{"confidence_level":0.95,"lower_bound":-0.027636814493741335,"upper_bound":-0.020658609646380666},"point_estimate":-0.024256527040670495,"standard_error":0.0017387902563397498},"median":{"confidence_interval":{"confidence_level":0.95,"lower_bound":-0.026282108231581502,"upper_bound":-0.019634819950294036},"point_estimate":-0.02287859853221441,"standard_error":0.0017689624129908048}}