{"mean":{"confidence_interval":{"confidence_level":0.95,"lower_bound":-0.02226210938260459,"upper_bound":-0.004643482832257987},"point_estimate":-0.013832346652327798,"standard_error":0.004380772888871214},"median":{"confidence_interval":{"confidence_level":0.95,"lower_bound":-0.03183105216311066,"upper_bound":-0.003016723919504196},"point_estimate":-0.020674940138502684,"standard_error":0.00731696777947409}}