{"mean":{"confidence_interval":{"confidence_level":0.95,"lower_bound":18598897.83333333,"upper_bound":19387081.05983333},"point_estimate":18955874.703333333,"standard_error":202822.48648804773},"median":{"confidence_interval":{"confidence_level":0.95,"lower_bound":18364028.5,"upper_bound":18618470.0},"point_estimate":18442204.166666668,"standard_error":61098.687011972055},"median_abs_dev":{"confidence_interval":{"confidence_level":0.95,"lower_bound":388077.2148102522,"upper_bound":671328.9281815309},"point_estimate":571114.0655607004,"standard_error":70405.65363823848},"slope":null,"std_dev":{"confidence_interval":{"confidence_level":0.95,"lower_bound":1053004.95849756,"upper_bound":2803269.8409062354},"point_estimate":2044315.0606965416,"standard_error":445003.99964990537}}