{"mean":{"confidence_interval":{"confidence_level":0.95,"lower_bound":18427057.53833333,"upper_bound":19388009.682916664},"point_estimate":18856168.590000004,"standard_error":247038.0442418422},"median":{"confidence_interval":{"confidence_level":0.95,"lower_bound":18245173.166666668,"upper_bound":18431309.0},"point_estimate":18377234.5,"standard_error":55788.4105591458},"median_abs_dev":{"confidence_interval":{"confidence_level":0.95,"lower_bound":310259.0015917998,"upper_bound":580120.119100811},"point_estimate":427217.3599153748,"standard_error":69075.26718105926},"slope":null,"std_dev":{"confidence_interval":{"confidence_level":0.95,"lower_bound":1137440.0790581505,"upper_bound":3487698.229337177},"point_estimate":2477071.088605693,"standard_error":609393.6359448653}}