{"mean":{"confidence_interval":{"confidence_level":0.95,"lower_bound":868478.0799663846,"upper_bound":881393.5611826829},"point_estimate":874659.1759719752,"standard_error":3282.8696566732046},"median":{"confidence_interval":{"confidence_level":0.95,"lower_bound":862716.3055555555,"upper_bound":870048.2402597403},"point_estimate":865173.7963675214,"standard_error":1989.9593832950663},"median_abs_dev":{"confidence_interval":{"confidence_level":0.95,"lower_bound":9532.486003042854,"upper_bound":19266.412810086895},"point_estimate":11704.487574502336,"standard_error":2559.4004289413315},"slope":{"confidence_interval":{"confidence_level":0.95,"lower_bound":874382.041929001,"upper_bound":888159.1033653512},"point_estimate":880844.4922107286,"standard_error":3521.801303182596},"std_dev":{"confidence_interval":{"confidence_level":0.95,"lower_bound":24290.220748572647,"upper_bound":41120.763417193055},"point_estimate":33265.5564223968,"standard_error":4320.257977940212}}