{"mean":{"confidence_interval":{"confidence_level":0.95,"lower_bound":5371608.291525001,"upper_bound":5412828.071199999},"point_estimate":5392256.541999999,"standard_error":10475.554927223358},"median":{"confidence_interval":{"confidence_level":0.95,"lower_bound":5373180.5,"upper_bound":5424270.8},"point_estimate":5389828.15,"standard_error":13738.291572719687},"median_abs_dev":{"confidence_interval":{"confidence_level":0.95,"lower_bound":64578.274223506036,"upper_bound":110732.35270410666},"point_estimate":83230.49384236363,"standard_error":11834.313836827589},"slope":null,"std_dev":{"confidence_interval":{"confidence_level":0.95,"lower_bound":88743.28569475598,"upper_bound":119169.76858400037},"point_estimate":105183.14531492889,"standard_error":7779.614619646731}}