{"mean":{"confidence_interval":{"confidence_level":0.95,"lower_bound":14780304.9106875,"upper_bound":14863875.468500001},"point_estimate":14819047.1075,"standard_error":21417.040587298605},"median":{"confidence_interval":{"confidence_level":0.95,"lower_bound":14742601.0,"upper_bound":14814275.25},"point_estimate":14784489.375,"standard_error":18547.450598077634},"median_abs_dev":{"confidence_interval":{"confidence_level":0.95,"lower_bound":118973.27346280217,"upper_bound":199062.397415936},"point_estimate":158658.02695825696,"standard_error":20152.07126539372},"slope":null,"std_dev":{"confidence_interval":{"confidence_level":0.95,"lower_bound":141508.30774357062,"upper_bound":302875.9857734945},"point_estimate":216866.99372068423,"standard_error":47481.33582031186}}