{"mean":{"confidence_interval":{"confidence_level":0.95,"lower_bound":-0.045137361295015443,"upper_bound":-0.03778228626687263},"point_estimate":-0.04136754058461056,"standard_error":0.0020001250792094803},"median":{"confidence_interval":{"confidence_level":0.95,"lower_bound":-0.047211405737544,"upper_bound":-0.03785166829658788},"point_estimate":-0.04186550101350195,"standard_error":0.00251247745717279}}