{"mean":{"confidence_interval":{"confidence_level":0.95,"lower_bound":1301873.2083160414,"upper_bound":1409972.5819254469},"point_estimate":1353583.6985059027,"standard_error":27694.25261959432},"median":{"confidence_interval":{"confidence_level":0.95,"lower_bound":1187375.6047619048,"upper_bound":1398367.9722222222},"point_estimate":1279737.9013157894,"standard_error":57584.017469032144},"median_abs_dev":{"confidence_interval":{"confidence_level":0.95,"lower_bound":135464.39565622894,"upper_bound":335196.88528160175},"point_estimate":252073.04775814206,"standard_error":54606.830209593085},"slope":{"confidence_interval":{"confidence_level":0.95,"lower_bound":1198104.0794969324,"upper_bound":1288671.1743430707},"point_estimate":1237586.3391281217,"standard_error":23122.01542052994},"std_dev":{"confidence_interval":{"confidence_level":0.95,"lower_bound":216340.60042131567,"upper_bound":336279.4731178411},"point_estimate":278119.3877809394,"standard_error":30707.401380980482}}