{"mean":{"confidence_interval":{"confidence_level":0.95,"lower_bound":998884.5735678634,"upper_bound":1004267.9198096633},"point_estimate":1001514.8696106435,"standard_error":1381.976936383428},"median":{"confidence_interval":{"confidence_level":0.95,"lower_bound":993563.7272727273,"upper_bound":1001795.9102564103},"point_estimate":997046.0002708558,"standard_error":1782.7698744791717},"median_abs_dev":{"confidence_interval":{"confidence_level":0.95,"lower_bound":7443.511107604923,"upper_bound":14396.296895526868},"point_estimate":11110.567016109466,"standard_error":1666.1486111547008},"slope":{"confidence_interval":{"confidence_level":0.95,"lower_bound":1000225.6977439134,"upper_bound":1006335.3353312489},"point_estimate":1003220.2741185164,"standard_error":1563.3156741059502},"std_dev":{"confidence_interval":{"confidence_level":0.95,"lower_bound":11436.02807086219,"upper_bound":16093.001791313533},"point_estimate":13935.434120022192,"standard_error":1192.9915354581528}}