{"mean":{"confidence_interval":{"confidence_level":0.95,"lower_bound":0.025834055285816726,"upper_bound":0.036483678225909255},"point_estimate":0.03110119209498796,"standard_error":0.0028051409105377544},"median":{"confidence_interval":{"confidence_level":0.95,"lower_bound":0.021912361961090365,"upper_bound":0.033852199163157515},"point_estimate":0.028205422837129124,"standard_error":0.0031632587089099828}}