{"mean":{"confidence_interval":{"confidence_level":0.95,"lower_bound":114014.77349304581,"upper_bound":114693.63377817196},"point_estimate":114316.00204366304,"standard_error":174.26121760339174},"median":{"confidence_interval":{"confidence_level":0.95,"lower_bound":113630.55680399502,"upper_bound":114082.67063492064},"point_estimate":113846.83945608896,"standard_error":117.94907063029196},"median_abs_dev":{"confidence_interval":{"confidence_level":0.95,"lower_bound":639.9836967508969,"upper_bound":1277.1506017302654},"point_estimate":870.2809429703912,"standard_error":165.8684889687294},"slope":{"confidence_interval":{"confidence_level":0.95,"lower_bound":114126.97619391509,"upper_bound":114985.31402563203},"point_estimate":114495.6448789058,"standard_error":219.76016973018795},"std_dev":{"confidence_interval":{"confidence_level":0.95,"lower_bound":994.3653699289649,"upper_bound":2620.5521732761495},"point_estimate":1768.6088866639975,"standard_error":502.06055990402143}}