{"mean":{"confidence_interval":{"confidence_level":0.95,"lower_bound":6878616.96325,"upper_bound":6953881.48825},"point_estimate":6916524.81375,"standard_error":19254.53457653898},"median":{"confidence_interval":{"confidence_level":0.95,"lower_bound":6929391.375,"upper_bound":6998252.3125},"point_estimate":6958044.125,"standard_error":20172.48538295378},"median_abs_dev":{"confidence_interval":{"confidence_level":0.95,"lower_bound":86910.93708202243,"upper_bound":306089.5289283246},"point_estimate":150225.83227045834,"standard_error":61043.017193808344},"slope":null,"std_dev":{"confidence_interval":{"confidence_level":0.95,"lower_bound":173338.5428786296,"upper_bound":211429.78161713496},"point_estimate":193967.8072029068,"standard_error":9737.385892263685}}