{"mean":{"confidence_interval":{"confidence_level":0.95,"lower_bound":6960361.0715625,"upper_bound":6991266.948625},"point_estimate":6975432.27375,"standard_error":7893.247806704747},"median":{"confidence_interval":{"confidence_level":0.95,"lower_bound":6928894.375,"upper_bound":6974611.125},"point_estimate":6943792.0625,"standard_error":12033.451328283098},"median_abs_dev":{"confidence_interval":{"confidence_level":0.95,"lower_bound":44172.76894077659,"upper_bound":101411.13547459245},"point_estimate":69541.1664403975,"standard_error":16016.6596465869},"slope":null,"std_dev":{"confidence_interval":{"confidence_level":0.95,"lower_bound":67843.03996938691,"upper_bound":91601.781105546},"point_estimate":79323.47925541297,"standard_error":6169.534147385785}}