{"mean":{"confidence_interval":{"confidence_level":0.95,"lower_bound":-0.8162014971865431,"upper_bound":-0.8122368937638803},"point_estimate":-0.8142671680959341,"standard_error":0.0010016275313481787},"median":{"confidence_interval":{"confidence_level":0.95,"lower_bound":-0.8175365062295503,"upper_bound":-0.8141795068567836},"point_estimate":-0.8160816454488764,"standard_error":0.0008249607948067111}}