{"mean":{"confidence_interval":{"confidence_level":0.95,"lower_bound":115071760.00775,"upper_bound":115394564.95075},"point_estimate":115223114.67,"standard_error":82625.85911452984},"median":{"confidence_interval":{"confidence_level":0.95,"lower_bound":114908668.0,"upper_bound":115046016.0},"point_estimate":114996157.5,"standard_error":37578.72129783774},"median_abs_dev":{"confidence_interval":{"confidence_level":0.95,"lower_bound":245825.45383572578,"upper_bound":482052.5554418564},"point_estimate":346181.1634540558,"standard_error":62591.11678196161},"slope":null,"std_dev":{"confidence_interval":{"confidence_level":0.95,"lower_bound":567863.8730369873,"upper_bound":1061829.05736548},"point_estimate":828640.897843066,"standard_error":127554.68478899536}}