{"mean":{"confidence_interval":{"confidence_level":0.95,"lower_bound":644180.1450125828,"upper_bound":647345.0683190075},"point_estimate":645732.3786076088,"standard_error":808.1785205111037},"median":{"confidence_interval":{"confidence_level":0.95,"lower_bound":641594.217948718,"upper_bound":645545.2329282407},"point_estimate":643159.4147860336,"standard_error":1033.0304977993378},"median_abs_dev":{"confidence_interval":{"confidence_level":0.95,"lower_bound":4892.265422235783,"upper_bound":8818.28383265471},"point_estimate":6584.104428871413,"standard_error":983.5148503954206},"slope":{"confidence_interval":{"confidence_level":0.95,"lower_bound":645131.0271076318,"upper_bound":649726.4299659734},"point_estimate":647405.3677079947,"standard_error":1174.3065237849917},"std_dev":{"confidence_interval":{"confidence_level":0.95,"lower_bound":6674.051689335928,"upper_bound":9433.232402358433},"point_estimate":8140.2662575083,"standard_error":707.1520306291042}}