{"mean":{"confidence_interval":{"confidence_level":0.95,"lower_bound":6754040.315714287,"upper_bound":6837481.765428572},"point_estimate":6793792.071428568,"standard_error":21193.091182747798},"median":{"confidence_interval":{"confidence_level":0.95,"lower_bound":6743821.285714285,"upper_bound":6806516.142857143},"point_estimate":6764941.0,"standard_error":13547.375039756116},"median_abs_dev":{"confidence_interval":{"confidence_level":0.95,"lower_bound":85529.07448155599,"upper_bound":146891.76939215028},"point_estimate":106144.20351556329,"standard_error":15774.080373946716},"slope":null,"std_dev":{"confidence_interval":{"confidence_level":0.95,"lower_bound":150916.65681108588,"upper_bound":282643.59531450574},"point_estimate":213060.62881981852,"standard_error":35835.09860732772}}