{"mean":{"confidence_interval":{"confidence_level":0.95,"lower_bound":10997414.846000006,"upper_bound":11055010.959099999},"point_estimate":11025066.874000004,"standard_error":14695.25274423964},"median":{"confidence_interval":{"confidence_level":0.95,"lower_bound":10945465.6,"upper_bound":11017221.600000001},"point_estimate":10969652.3,"standard_error":17297.783232836322},"median_abs_dev":{"confidence_interval":{"confidence_level":0.95,"lower_bound":69926.51270605734,"upper_bound":143786.47433728026},"point_estimate":112450.76020360131,"standard_error":18736.231015389116},"slope":null,"std_dev":{"confidence_interval":{"confidence_level":0.95,"lower_bound":115141.04519299418,"upper_bound":179237.26119719868},"point_estimate":147941.64938656287,"standard_error":16448.64467591774}}