{"mean":{"confidence_interval":{"confidence_level":0.95,"lower_bound":10298011.8889,"upper_bound":10393434.078200003},"point_estimate":10344341.132000005,"standard_error":24388.42881902598},"median":{"confidence_interval":{"confidence_level":0.95,"lower_bound":10170938.0,"upper_bound":10314485.0},"point_estimate":10238144.0,"standard_error":41442.68295839759},"median_abs_dev":{"confidence_interval":{"confidence_level":0.95,"lower_bound":78875.54174467815,"upper_bound":254757.8221571429},"point_estimate":155866.32827282007,"standard_error":46499.539160223125},"slope":null,"std_dev":{"confidence_interval":{"confidence_level":0.95,"lower_bound":213230.61371338088,"upper_bound":271075.37149454554},"point_estimate":245278.4516412238,"standard_error":14759.475301761366}}