{"mean":{"confidence_interval":{"confidence_level":0.95,"lower_bound":808360.2395739272,"upper_bound":829403.7594884618},"point_estimate":817514.5590636916,"standard_error":5421.805085778512},"median":{"confidence_interval":{"confidence_level":0.95,"lower_bound":802568.7265963736,"upper_bound":808478.9270833334},"point_estimate":804127.4306722688,"standard_error":1317.6034625050181},"median_abs_dev":{"confidence_interval":{"confidence_level":0.95,"lower_bound":9764.624050655117,"upper_bound":17826.703066812242},"point_estimate":13252.260378811876,"standard_error":1952.6298153147764},"slope":{"confidence_interval":{"confidence_level":0.95,"lower_bound":807481.8877257026,"upper_bound":822006.0866139078},"point_estimate":814166.0469572927,"standard_error":3729.3211559661027},"std_dev":{"confidence_interval":{"confidence_level":0.95,"lower_bound":26104.358655770797,"upper_bound":82965.70730961024},"point_estimate":54515.047060697274,"standard_error":17017.995399451775}}