{"mean":{"confidence_interval":{"confidence_level":0.95,"lower_bound":1125376706.5295,"upper_bound":1134795817.4542499},"point_estimate":1130005426.8,"standard_error":2388904.7153032674},"median":{"confidence_interval":{"confidence_level":0.95,"lower_bound":1116686424.0,"upper_bound":1128986905.0},"point_estimate":1123163658.0,"standard_error":2991580.2955903746},"median_abs_dev":{"confidence_interval":{"confidence_level":0.95,"lower_bound":14174311.057555676,"upper_bound":30209517.83174134},"point_estimate":21391065.09783268,"standard_error":3928656.945043742},"slope":null,"std_dev":{"confidence_interval":{"confidence_level":0.95,"lower_bound":21261243.84740006,"upper_bound":26430792.638734307},"point_estimate":24090117.902833488,"standard_error":1321129.5331583049}}