{"mean":{"confidence_interval":{"confidence_level":0.95,"lower_bound":4977406.5479999995,"upper_bound":5274807.876925001},"point_estimate":5110944.368000001,"standard_error":75850.51449357126},"median":{"confidence_interval":{"confidence_level":0.95,"lower_bound":4929257.75,"upper_bound":4991276.75},"point_estimate":4955268.25,"standard_error":18535.5427760767},"median_abs_dev":{"confidence_interval":{"confidence_level":0.95,"lower_bound":145031.11701518283,"upper_bound":235982.32064397735},"point_estimate":177916.81529134512,"standard_error":23728.097102698335},"slope":null,"std_dev":{"confidence_interval":{"confidence_level":0.95,"lower_bound":382511.7851554475,"upper_bound":1064645.9574228511},"point_estimate":760880.6001345479,"standard_error":173805.43296145377}}