{"mean":{"confidence_interval":{"confidence_level":0.95,"lower_bound":10148821.232,"upper_bound":10210374.847550001},"point_estimate":10178129.056,"standard_error":15645.323691818738},"median":{"confidence_interval":{"confidence_level":0.95,"lower_bound":10088651.7,"upper_bound":10146250.9},"point_estimate":10105490.5,"standard_error":13855.905361316105},"median_abs_dev":{"confidence_interval":{"confidence_level":0.95,"lower_bound":39654.9532359844,"upper_bound":119691.77847504616},"point_estimate":74275.44174134676,"standard_error":20082.891524779203},"slope":null,"std_dev":{"confidence_interval":{"confidence_level":0.95,"lower_bound":115050.2198198831,"upper_bound":196316.45000582878},"point_estimate":157283.15977025524,"standard_error":20634.657561761203}}