{"mean":{"confidence_interval":{"confidence_level":0.95,"lower_bound":112955.42619840015,"upper_bound":114618.52892215544},"point_estimate":113773.72898748862,"standard_error":425.78350529427524},"median":{"confidence_interval":{"confidence_level":0.95,"lower_bound":112711.05925925926,"upper_bound":114141.09319727891},"point_estimate":113491.63955384705,"standard_error":337.81242370133066},"median_abs_dev":{"confidence_interval":{"confidence_level":0.95,"lower_bound":2413.6596910890994,"upper_bound":4639.776310876989},"point_estimate":3521.287706684945,"standard_error":552.8115553963462},"slope":{"confidence_interval":{"confidence_level":0.95,"lower_bound":113619.60997397662,"upper_bound":115131.93767353825},"point_estimate":114320.56836970264,"standard_error":385.30532767001324},"std_dev":{"confidence_interval":{"confidence_level":0.95,"lower_bound":3521.908446523353,"upper_bound":4963.9936641006725},"point_estimate":4275.787959832458,"standard_error":370.46249681651733}}