{"mean":{"confidence_interval":{"confidence_level":0.95,"lower_bound":14841165.8048125,"upper_bound":15897141.7375},"point_estimate":15389331.59,"standard_error":269301.8079789982},"median":{"confidence_interval":{"confidence_level":0.95,"lower_bound":15668478.0,"upper_bound":16200620.25},"point_estimate":15879604.625,"standard_error":139834.34535762403},"median_abs_dev":{"confidence_interval":{"confidence_level":0.95,"lower_bound":884313.6188752949,"upper_bound":2184856.060861051},"point_estimate":1549787.883310765,"standard_error":315658.20272481727},"slope":null,"std_dev":{"confidence_interval":{"confidence_level":0.95,"lower_bound":2199094.8123006644,"upper_bound":3145865.5754861245},"point_estimate":2721043.5290283617,"standard_error":240675.96043724698}}