{"mean":{"confidence_interval":{"confidence_level":0.95,"lower_bound":5160944.8100000005,"upper_bound":5576678.485775002},"point_estimate":5350939.1,"standard_error":106910.89327549923},"median":{"confidence_interval":{"confidence_level":0.95,"lower_bound":5050634.3,"upper_bound":5145540.5},"point_estimate":5090192.45,"standard_error":29810.269998275504},"median_abs_dev":{"confidence_interval":{"confidence_level":0.95,"lower_bound":156695.91708809164,"upper_bound":248243.12961280305},"point_estimate":208012.5569370393,"standard_error":24402.41971209569},"slope":null,"std_dev":{"confidence_interval":{"confidence_level":0.95,"lower_bound":592299.9767723981,"upper_bound":1441816.551091985},"point_estimate":1081570.4923838675,"standard_error":216558.68273623515}}