{"mean":{"confidence_interval":{"confidence_level":0.95,"lower_bound":-0.032273069933141905,"upper_bound":0.06709179392958604},"point_estimate":0.01476846570168111,"standard_error":0.025356233478914223},"median":{"confidence_interval":{"confidence_level":0.95,"lower_bound":-0.03522373469012774,"upper_bound":0.016364890964786438},"point_estimate":-0.0049759653776051405,"standard_error":0.012143240818177642}}