{"mean":{"confidence_interval":{"confidence_level":0.95,"lower_bound":-0.03203458789324509,"upper_bound":-0.0205950117246656},"point_estimate":-0.02642253646201609,"standard_error":0.0033101039031508714},"median":{"confidence_interval":{"confidence_level":0.95,"lower_bound":-0.03492982912875675,"upper_bound":-0.021726987519529284},"point_estimate":-0.02903243786606058,"standard_error":0.003548773850781452}}