{"mean":{"confidence_interval":{"confidence_level":0.95,"lower_bound":14387551.453875002,"upper_bound":15558488.51},"point_estimate":14982140.12,"standard_error":298705.8018567212},"median":{"confidence_interval":{"confidence_level":0.95,"lower_bound":15629596.25,"upper_bound":16024826.75},"point_estimate":15751365.625,"standard_error":122792.19205591688},"median_abs_dev":{"confidence_interval":{"confidence_level":0.95,"lower_bound":1179608.6153827608,"upper_bound":2701438.5550148785},"point_estimate":1788568.5780465603,"standard_error":440143.8187285649},"slope":null,"std_dev":{"confidence_interval":{"confidence_level":0.95,"lower_bound":2589676.690771094,"upper_bound":3330672.8261844325},"point_estimate":2995613.969042841,"standard_error":189764.817338936}}