{"mean":{"confidence_interval":{"confidence_level":0.95,"lower_bound":5254788.279175002,"upper_bound":5317761.282775001},"point_estimate":5285601.913,"standard_error":16142.11638488931},"median":{"confidence_interval":{"confidence_level":0.95,"lower_bound":5189230.1,"upper_bound":5287046.7},"point_estimate":5224027.85,"standard_error":24476.003871545036},"median_abs_dev":{"confidence_interval":{"confidence_level":0.95,"lower_bound":71953.09714257676,"upper_bound":192079.49424015704},"point_estimate":124873.91016304465,"standard_error":30970.899656001486},"slope":null,"std_dev":{"confidence_interval":{"confidence_level":0.95,"lower_bound":136752.3036856445,"upper_bound":189849.57158512366},"point_estimate":162712.2677438067,"standard_error":13692.542139744037}}