{"mean":{"confidence_interval":{"confidence_level":0.95,"lower_bound":18643969.066583335,"upper_bound":19960773.912166674},"point_estimate":19234421.35666666,"standard_error":339551.84194890194},"median":{"confidence_interval":{"confidence_level":0.95,"lower_bound":18319605.333333332,"upper_bound":18547143.666666668},"point_estimate":18434446.833333332,"standard_error":57608.63302812862},"median_abs_dev":{"confidence_interval":{"confidence_level":0.95,"lower_bound":335196.08604908176,"upper_bound":543419.8393523656},"point_estimate":444961.3635003576,"standard_error":53258.60976184799},"slope":null,"std_dev":{"confidence_interval":{"confidence_level":0.95,"lower_bound":1637184.9109288862,"upper_bound":4692374.955999564},"point_estimate":3387125.3007678143,"standard_error":780204.8982634096}}