{"mean":{"confidence_interval":{"confidence_level":0.95,"lower_bound":2965991.723529414,"upper_bound":2974711.600838236},"point_estimate":2970282.9288235307,"standard_error":2221.934083310391},"median":{"confidence_interval":{"confidence_level":0.95,"lower_bound":2961487.529411765,"upper_bound":2971215.0},"point_estimate":2964994.2352941176,"standard_error":2221.1181167935297},"median_abs_dev":{"confidence_interval":{"confidence_level":0.95,"lower_bound":15796.012572505975,"upper_bound":27354.361967304256},"point_estimate":20332.288827265376,"standard_error":2880.060502892349},"slope":null,"std_dev":{"confidence_interval":{"confidence_level":0.95,"lower_bound":19345.39474267971,"upper_bound":24855.775930677162},"point_estimate":22339.834436624245,"standard_error":1411.010580115577}}