{"mean":{"confidence_interval":{"confidence_level":0.95,"lower_bound":-0.8130428385076669,"upper_bound":-0.807519969962745},"point_estimate":-0.810246996973568,"standard_error":0.0013998631738468942},"median":{"confidence_interval":{"confidence_level":0.95,"lower_bound":-0.8148239953189551,"upper_bound":-0.8094571044658817},"point_estimate":-0.8139755156276669,"standard_error":0.001238088825365594}}