{"mean":{"confidence_interval":{"confidence_level":0.95,"lower_bound":12429727.203875,"upper_bound":12503925.69025},"point_estimate":12465294.95,"standard_error":18857.38217153417},"median":{"confidence_interval":{"confidence_level":0.95,"lower_bound":12389791.75,"upper_bound":12465619.375},"point_estimate":12428787.5,"standard_error":18490.284077426346},"median_abs_dev":{"confidence_interval":{"confidence_level":0.95,"lower_bound":105288.8757057488,"upper_bound":187579.53089229763},"point_estimate":143628.54037508368,"standard_error":20962.66101374565},"slope":null,"std_dev":{"confidence_interval":{"confidence_level":0.95,"lower_bound":140066.9132611997,"upper_bound":240133.9349489709},"point_estimate":189610.05951473626,"standard_error":25994.82857636911}}