{"mean":{"confidence_interval":{"confidence_level":0.95,"lower_bound":-0.005529315325753419,"upper_bound":0.004566163399445576},"point_estimate":-0.0004691073783256172,"standard_error":0.002575327563595295},"median":{"confidence_interval":{"confidence_level":0.95,"lower_bound":-0.0061463624798066,"upper_bound":0.00041951574651433177},"point_estimate":-0.002674924857814842,"standard_error":0.0017859947091535266}}