{"mean":{"confidence_interval":{"confidence_level":0.95,"lower_bound":-0.856613600848077,"upper_bound":-0.85464371402856},"point_estimate":-0.8556309223976662,"standard_error":0.0005027450233106882},"median":{"confidence_interval":{"confidence_level":0.95,"lower_bound":-0.8564830771244368,"upper_bound":-0.8550939061649911},"point_estimate":-0.8557202303562289,"standard_error":0.00035688557787188135}}