{"mean":{"confidence_interval":{"confidence_level":0.95,"lower_bound":11430845.450599998,"upper_bound":11480156.778000003},"point_estimate":11454568.205999995,"standard_error":12557.173240191372},"median":{"confidence_interval":{"confidence_level":0.95,"lower_bound":11398219.7,"upper_bound":11444886.8},"point_estimate":11417182.5,"standard_error":11848.896506342671},"median_abs_dev":{"confidence_interval":{"confidence_level":0.95,"lower_bound":59003.77245247364,"upper_bound":109994.98160719816},"point_estimate":78645.10864377077,"standard_error":12833.318464960355},"slope":null,"std_dev":{"confidence_interval":{"confidence_level":0.95,"lower_bound":96918.72766822457,"upper_bound":150628.30698737068},"point_estimate":126090.51889329092,"standard_error":13721.0687913531}}