{"mean":{"confidence_interval":{"confidence_level":0.95,"lower_bound":-0.007867143621254022,"upper_bound":0.00036600193147862115},"point_estimate":-0.003632319538659168,"standard_error":0.0020888336442723004},"median":{"confidence_interval":{"confidence_level":0.95,"lower_bound":-0.007133588471509752,"upper_bound":-0.0010788271849857534},"point_estimate":-0.0053427912960689605,"standard_error":0.0016245536726705702}}