{"mean":{"confidence_interval":{"confidence_level":0.95,"lower_bound":3411983.817916668,"upper_bound":3423981.0866666664},"point_estimate":3417946.3620000007,"standard_error":3041.1828498437953},"median":{"confidence_interval":{"confidence_level":0.95,"lower_bound":3402373.533333333,"upper_bound":3429938.4},"point_estimate":3410330.8,"standard_error":7406.171731534632},"median_abs_dev":{"confidence_interval":{"confidence_level":0.95,"lower_bound":28368.611516356515,"upper_bound":41020.143646746976},"point_estimate":35292.3039734359,"standard_error":3252.3790166235844},"slope":null,"std_dev":{"confidence_interval":{"confidence_level":0.95,"lower_bound":26946.443491714825,"upper_bound":33561.6015121475},"point_estimate":30498.228688580297,"standard_error":1694.182333562003}}