{"mean":{"confidence_interval":{"confidence_level":0.95,"lower_bound":14661797.9105625,"upper_bound":14778936.40425},"point_estimate":14720586.68,"standard_error":30053.080844799915},"median":{"confidence_interval":{"confidence_level":0.95,"lower_bound":14615205.0,"upper_bound":14768804.0},"point_estimate":14670140.75,"standard_error":37804.06052104808},"median_abs_dev":{"confidence_interval":{"confidence_level":0.95,"lower_bound":315799.39584156557,"upper_bound":466163.71684893966},"point_estimate":424863.1147071719,"standard_error":38004.64883316119},"slope":null,"std_dev":{"confidence_interval":{"confidence_level":0.95,"lower_bound":272843.3752128816,"upper_bound":326840.75776254875},"point_estimate":301871.29826227576,"standard_error":13842.734555622223}}