{"mean":{"confidence_interval":{"confidence_level":0.95,"lower_bound":573429.5109986961,"upper_bound":577466.7038393678},"point_estimate":575278.1856904834,"standard_error":1033.5995660958583},"median":{"confidence_interval":{"confidence_level":0.95,"lower_bound":571829.2058823529,"upper_bound":575553.0909090909},"point_estimate":573707.2947761194,"standard_error":1022.0114587092569},"median_abs_dev":{"confidence_interval":{"confidence_level":0.95,"lower_bound":5069.999647184555,"upper_bound":8205.847371474058},"point_estimate":6387.459093426857,"standard_error":790.0560546553005},"slope":{"confidence_interval":{"confidence_level":0.95,"lower_bound":570255.6417326698,"upper_bound":574695.1274151342},"point_estimate":572252.552637801,"standard_error":1141.7812568002548},"std_dev":{"confidence_interval":{"confidence_level":0.95,"lower_bound":6469.457066133568,"upper_bound":14615.618830313515},"point_estimate":10422.649219379697,"standard_error":2242.0427859845663}}