{"mean":{"confidence_interval":{"confidence_level":0.95,"lower_bound":111555883.16475001,"upper_bound":112055741.381},"point_estimate":111800574.42,"standard_error":127896.89000616441},"median":{"confidence_interval":{"confidence_level":0.95,"lower_bound":111267074.5,"upper_bound":111882080.5},"point_estimate":111758722.5,"standard_error":175515.78672266938},"median_abs_dev":{"confidence_interval":{"confidence_level":0.95,"lower_bound":999428.796556592,"upper_bound":1598634.5486685634},"point_estimate":1373498.4068155289,"standard_error":154018.45513455692},"slope":null,"std_dev":{"confidence_interval":{"confidence_level":0.95,"lower_bound":1067369.6819382708,"upper_bound":1491479.5816258357},"point_estimate":1290494.6831999028,"standard_error":108669.18653117113}}