{"mean":{"confidence_interval":{"confidence_level":0.95,"lower_bound":2527491.860000001,"upper_bound":2716697.6331578954},"point_estimate":2610704.1131578954,"standard_error":48467.05673038642},"median":{"confidence_interval":{"confidence_level":0.95,"lower_bound":2500555.052631579,"upper_bound":2568396.210526316},"point_estimate":2522959.2105263155,"standard_error":16198.132993712994},"median_abs_dev":{"confidence_interval":{"confidence_level":0.95,"lower_bound":104495.20677641807,"upper_bound":166962.5668621376},"point_estimate":147974.98703081405,"standard_error":13970.205555633629},"slope":null,"std_dev":{"confidence_interval":{"confidence_level":0.95,"lower_bound":212046.21486597776,"upper_bound":688971.9844524194},"point_estimate":483370.1930912999,"standard_error":121593.54423155406}}