{"mean":{"confidence_interval":{"confidence_level":0.95,"lower_bound":0.043295575819977665,"upper_bound":0.04948996173945268},"point_estimate":0.04643114840080087,"standard_error":0.001575448000904778},"median":{"confidence_interval":{"confidence_level":0.95,"lower_bound":0.04944623974329354,"upper_bound":0.055598629106763386},"point_estimate":0.0529106478101844,"standard_error":0.0015168504006605485}}