{"mean":{"confidence_interval":{"confidence_level":0.95,"lower_bound":2788315.3284605276,"upper_bound":2810150.4378815778},"point_estimate":2798903.5063157906,"standard_error":5550.596210547687},"median":{"confidence_interval":{"confidence_level":0.95,"lower_bound":2768588.263157895,"upper_bound":2786941.342105263},"point_estimate":2776859.657894737,"standard_error":5229.269741808451},"median_abs_dev":{"confidence_interval":{"confidence_level":0.95,"lower_bound":21212.57223392784,"upper_bound":43692.37728746292},"point_estimate":31391.206290063288,"standard_error":6055.815797987721},"slope":null,"std_dev":{"confidence_interval":{"confidence_level":0.95,"lower_bound":45663.248664570885,"upper_bound":63375.850018171426},"point_estimate":55548.81076751868,"standard_error":4513.721666215185}}