{"mean":{"confidence_interval":{"confidence_level":0.95,"lower_bound":2760.621234917789,"upper_bound":2780.331926160279},"point_estimate":2769.765979456963,"standard_error":5.030816370015195},"median":{"confidence_interval":{"confidence_level":0.95,"lower_bound":2760.157466033505,"upper_bound":2775.9625119761954},"point_estimate":2769.6692471309852,"standard_error":3.64034000457799},"median_abs_dev":{"confidence_interval":{"confidence_level":0.95,"lower_bound":27.456022148569783,"upper_bound":43.41232211955008},"point_estimate":35.6089002350771,"standard_error":3.9814847847260477},"slope":{"confidence_interval":{"confidence_level":0.95,"lower_bound":2771.2728080163374,"upper_bound":2788.098380676738},"point_estimate":2779.359399055298,"standard_error":4.2854592556154065},"std_dev":{"confidence_interval":{"confidence_level":0.95,"lower_bound":32.73517154911205,"upper_bound":70.43257984196713},"point_estimate":50.17171799569116,"standard_error":10.892461141412848}}