{"mean":{"confidence_interval":{"confidence_level":0.95,"lower_bound":132132797.0,"upper_bound":132716941.07},"point_estimate":132413888.23,"standard_error":149988.94784580028},"median":{"confidence_interval":{"confidence_level":0.95,"lower_bound":131761349.5,"upper_bound":132414889.0},"point_estimate":132070695.0,"standard_error":153309.58975016788},"median_abs_dev":{"confidence_interval":{"confidence_level":0.95,"lower_bound":945176.7940847579,"upper_bound":1440813.6347204447},"point_estimate":1196426.3028591871,"standard_error":123064.26654459545},"slope":null,"std_dev":{"confidence_interval":{"confidence_level":0.95,"lower_bound":1173442.9220313951,"upper_bound":1806214.5643055683},"point_estimate":1509631.7358473795,"standard_error":162586.04043486877}}