{"mean":{"confidence_interval":{"confidence_level":0.95,"lower_bound":110982672.44525,"upper_bound":111450521.8305},"point_estimate":111209000.05,"standard_error":118881.19578387431},"median":{"confidence_interval":{"confidence_level":0.95,"lower_bound":110562466.0,"upper_bound":111151151.0},"point_estimate":110903755.5,"standard_error":147990.04497852133},"median_abs_dev":{"confidence_interval":{"confidence_level":0.95,"lower_bound":668553.2539308071,"upper_bound":1270101.1433511972},"point_estimate":966632.9438388348,"standard_error":151972.20121111936},"slope":null,"std_dev":{"confidence_interval":{"confidence_level":0.95,"lower_bound":961867.7409363812,"upper_bound":1421027.8906256442},"point_estimate":1199370.9791040965,"standard_error":118171.93963524292}}