{"mean":{"confidence_interval":{"confidence_level":0.95,"lower_bound":119436383.19825,"upper_bound":119903748.18925},"point_estimate":119666914.88,"standard_error":118918.59679851554},"median":{"confidence_interval":{"confidence_level":0.95,"lower_bound":119297464.0,"upper_bound":119855876.0},"point_estimate":119576739.0,"standard_error":176456.43870974486},"median_abs_dev":{"confidence_interval":{"confidence_level":0.95,"lower_bound":909268.1856572628,"upper_bound":1454558.8190764189},"point_estimate":1212890.5755668879,"standard_error":140545.8848992993},"slope":null,"std_dev":{"confidence_interval":{"confidence_level":0.95,"lower_bound":993032.1110884119,"upper_bound":1381452.9471414012},"point_estimate":1194566.2322415798,"standard_error":99463.25850092487}}