{"mean":{"confidence_interval":{"confidence_level":0.95,"lower_bound":-0.0034869464934746902,"upper_bound":0.0046751564208199975},"point_estimate":0.0011782599460596899,"standard_error":0.002113319343869656},"median":{"confidence_interval":{"confidence_level":0.95,"lower_bound":-0.00017560921880371632,"upper_bound":0.005018548895550312},"point_estimate":0.0021097484183207893,"standard_error":0.0014253691913935528}}