{"mean":{"confidence_interval":{"confidence_level":0.95,"lower_bound":10521639.844549995,"upper_bound":10573542.020299999},"point_estimate":10546809.600000001,"standard_error":13163.2294955717},"median":{"confidence_interval":{"confidence_level":0.95,"lower_bound":10461941.7,"upper_bound":10527983.0},"point_estimate":10493847.0,"standard_error":18816.203221403084},"median_abs_dev":{"confidence_interval":{"confidence_level":0.95,"lower_bound":42032.59881377165,"upper_bound":128142.20543601998},"point_estimate":80561.51736974716,"standard_error":24243.477770389316},"slope":null,"std_dev":{"confidence_interval":{"confidence_level":0.95,"lower_bound":109014.27489465971,"upper_bound":152369.75664253492},"point_estimate":132117.2534243882,"standard_error":11044.600711399373}}