{"mean":{"confidence_interval":{"confidence_level":0.95,"lower_bound":10276599.283999993,"upper_bound":10326083.329199992},"point_estimate":10300378.311999995,"standard_error":12648.284304301133},"median":{"confidence_interval":{"confidence_level":0.95,"lower_bound":10230174.4,"upper_bound":10243102.2},"point_estimate":10236297.3,"standard_error":4557.890472827407},"median_abs_dev":{"confidence_interval":{"confidence_level":0.95,"lower_bound":16430.1061913087,"upper_bound":41968.847014906234},"point_estimate":26654.923626781892,"standard_error":7837.687783980388},"slope":null,"std_dev":{"confidence_interval":{"confidence_level":0.95,"lower_bound":97056.61177988023,"upper_bound":155686.72501910743},"point_estimate":127673.78979603393,"standard_error":15021.467350210485}}