{"mean":{"confidence_interval":{"confidence_level":0.95,"lower_bound":2857771.642444445,"upper_bound":2876656.7006805576},"point_estimate":2867145.917777778,"standard_error":4847.289232736893},"median":{"confidence_interval":{"confidence_level":0.95,"lower_bound":2848147.388888889,"upper_bound":2876732.472222222},"point_estimate":2863783.25,"standard_error":7669.460870401264},"median_abs_dev":{"confidence_interval":{"confidence_level":0.95,"lower_bound":31847.812401254894,"upper_bound":58505.73005631532},"point_estimate":42409.19568041945,"standard_error":6617.044212733898},"slope":null,"std_dev":{"confidence_interval":{"confidence_level":0.95,"lower_bound":41000.684626691225,"upper_bound":56301.22903839079},"point_estimate":48737.33354592515,"standard_error":3919.98990880152}}