{"mean":{"confidence_interval":{"confidence_level":0.95,"lower_bound":5846770740.66575,"upper_bound":5892207025.14},"point_estimate":5869775549.3,"standard_error":11631507.372094762},"median":{"confidence_interval":{"confidence_level":0.95,"lower_bound":5887899996.0,"upper_bound":5919645389.0},"point_estimate":5898348253.5,"standard_error":8239267.857734639},"median_abs_dev":{"confidence_interval":{"confidence_level":0.95,"lower_bound":56621719.84626353,"upper_bound":151526973.12685847},"point_estimate":90974459.69198048,"standard_error":23082141.746318694},"slope":null,"std_dev":{"confidence_interval":{"confidence_level":0.95,"lower_bound":102898309.66087873,"upper_bound":128575007.9066196},"point_estimate":117014316.67989908,"standard_error":6512676.6510710325}}