{"mean":{"confidence_interval":{"confidence_level":0.95,"lower_bound":0.03118529778006906,"upper_bound":0.036922144423432286},"point_estimate":0.0341718190027398,"standard_error":0.0014624786047355933},"median":{"confidence_interval":{"confidence_level":0.95,"lower_bound":0.027676210328742457,"upper_bound":0.04110600614755988},"point_estimate":0.03232153820787653,"standard_error":0.0034662944207772294}}