{"mean":{"confidence_interval":{"confidence_level":0.95,"lower_bound":2534097.188421054,"upper_bound":2715597.8781710532},"point_estimate":2616538.943157895,"standard_error":45910.37778817028},"median":{"confidence_interval":{"confidence_level":0.95,"lower_bound":2490497.3684210526,"upper_bound":2563642.1578947366},"point_estimate":2524726.1052631577,"standard_error":20978.596693040796},"median_abs_dev":{"confidence_interval":{"confidence_level":0.95,"lower_bound":120553.13004396469,"upper_bound":217849.3775692424},"point_estimate":156877.180541189,"standard_error":22878.606060956878},"slope":null,"std_dev":{"confidence_interval":{"confidence_level":0.95,"lower_bound":265627.0380224028,"upper_bound":629178.0008864456},"point_estimate":460288.856264344,"standard_error":91936.36160847246}}