{"mean":{"confidence_interval":{"confidence_level":0.95,"lower_bound":-0.010024379281634887,"upper_bound":-0.0029489678062767566},"point_estimate":-0.006728648814982696,"standard_error":0.0018074943039726704},"median":{"confidence_interval":{"confidence_level":0.95,"lower_bound":-0.012791121731992927,"upper_bound":-0.0037398381117389468},"point_estimate":-0.008728357939391529,"standard_error":0.0022586618589165394}}