{"mean":{"confidence_interval":{"confidence_level":0.95,"lower_bound":0.025974134465502785,"upper_bound":0.050460942909791535},"point_estimate":0.03964544299817785,"standard_error":0.006310200242086529},"median":{"confidence_interval":{"confidence_level":0.95,"lower_bound":0.035785704924327255,"upper_bound":0.055314327592768775},"point_estimate":0.05085579081931213,"standard_error":0.0052196816407412425}}