{"mean":{"confidence_interval":{"confidence_level":0.95,"lower_bound":100047.84420241155,"upper_bound":102012.4660999168},"point_estimate":101005.86124268174,"standard_error":501.2327919783888},"median":{"confidence_interval":{"confidence_level":0.95,"lower_bound":98892.1547368421,"upper_bound":101514.57704918033},"point_estimate":99802.02901785714,"standard_error":587.0783297608994},"median_abs_dev":{"confidence_interval":{"confidence_level":0.95,"lower_bound":2992.363288728788,"upper_bound":5535.528779570872},"point_estimate":3661.934077209887,"standard_error":567.2790401185217},"slope":{"confidence_interval":{"confidence_level":0.95,"lower_bound":99876.15940816875,"upper_bound":101669.64757058419},"point_estimate":100717.1081678735,"standard_error":456.288730659894},"std_dev":{"confidence_interval":{"confidence_level":0.95,"lower_bound":4071.21809370936,"upper_bound":6004.2159834892145},"point_estimate":5061.022857494471,"standard_error":493.8094662893429}}