{"mean":{"confidence_interval":{"confidence_level":0.95,"lower_bound":11524631.905999994,"upper_bound":11583830.031149998},"point_estimate":11552899.007999994,"standard_error":15153.582062318203},"median":{"confidence_interval":{"confidence_level":0.95,"lower_bound":11478909.4,"upper_bound":11524745.9},"point_estimate":11496581.399999999,"standard_error":11009.586667830916},"median_abs_dev":{"confidence_interval":{"confidence_level":0.95,"lower_bound":57468.68843972628,"upper_bound":105877.50496029633},"point_estimate":76388.29496383695,"standard_error":12099.522304963139},"slope":null,"std_dev":{"confidence_interval":{"confidence_level":0.95,"lower_bound":115065.74820158916,"upper_bound":184078.1748378553},"point_estimate":151954.340911467,"standard_error":17637.997295765726}}