{"mean":{"confidence_interval":{"confidence_level":0.95,"lower_bound":-0.13424019626837225,"upper_bound":-0.11713542566722468},"point_estimate":-0.12569353445404607,"standard_error":0.004624730465602943},"median":{"confidence_interval":{"confidence_level":0.95,"lower_bound":-0.1364404784169404,"upper_bound":-0.12128554626589583},"point_estimate":-0.12990119365103403,"standard_error":0.004351101642716902}}