{"mean":{"confidence_interval":{"confidence_level":0.95,"lower_bound":-0.06688660011983942,"upper_bound":-0.0591470974033277},"point_estimate":-0.06305057401200431,"standard_error":0.001966906686669723},"median":{"confidence_interval":{"confidence_level":0.95,"lower_bound":-0.07438516875281331,"upper_bound":-0.06429449060057213},"point_estimate":-0.06862416178432085,"standard_error":0.0026743473009046377}}