{"mean":{"confidence_interval":{"confidence_level":0.95,"lower_bound":-0.030031021108432778,"upper_bound":-0.019528185194156472},"point_estimate":-0.02476337398822981,"standard_error":0.0026692946080570305},"median":{"confidence_interval":{"confidence_level":0.95,"lower_bound":-0.03258576073645347,"upper_bound":-0.0223584913923488},"point_estimate":-0.029700331326550145,"standard_error":0.0026688147489668914}}