{"mean":{"confidence_interval":{"confidence_level":0.95,"lower_bound":-0.8561650603716305,"upper_bound":-0.8533972402696635},"point_estimate":-0.854965749550567,"standard_error":0.0006829208865972426},"median":{"confidence_interval":{"confidence_level":0.95,"lower_bound":-0.8566927784010685,"upper_bound":-0.8556554837007616},"point_estimate":-0.85602535494992,"standard_error":0.00026873176282464576}}