{"mean":{"confidence_interval":{"confidence_level":0.95,"lower_bound":0.022568650474306385,"upper_bound":0.030467137482654748},"point_estimate":0.026443097152502038,"standard_error":0.0020186464978887483},"median":{"confidence_interval":{"confidence_level":0.95,"lower_bound":0.018866239637470583,"upper_bound":0.030069630985046496},"point_estimate":0.02516897066407431,"standard_error":0.003258138702932273}}