{"mean":{"confidence_interval":{"confidence_level":0.95,"lower_bound":-0.05998142575560676,"upper_bound":-0.037181467520966384},"point_estimate":-0.04815036522745442,"standard_error":0.0057846131714107294},"median":{"confidence_interval":{"confidence_level":0.95,"lower_bound":-0.04921573253480693,"upper_bound":-0.042495843257718824},"point_estimate":-0.045886765038125055,"standard_error":0.004201510838331869}}