{"mean":{"confidence_interval":{"confidence_level":0.95,"lower_bound":3463979.2752833334,"upper_bound":3475782.2271166686},"point_estimate":3469779.52,"standard_error":3011.5967028404584},"median":{"confidence_interval":{"confidence_level":0.95,"lower_bound":3458965.833333333,"upper_bound":3470064.033333333},"point_estimate":3464466.7333333334,"standard_error":3429.013836334564},"median_abs_dev":{"confidence_interval":{"confidence_level":0.95,"lower_bound":21144.939664602603,"upper_bound":34755.55336296565},"point_estimate":29455.900917053314,"standard_error":3577.375039473466},"slope":null,"std_dev":{"confidence_interval":{"confidence_level":0.95,"lower_bound":26047.86762758391,"upper_bound":34048.56737167271},"point_estimate":30345.368277403824,"standard_error":2045.5513083641733}}