{"mean":{"confidence_interval":{"confidence_level":0.95,"lower_bound":1710626898.7115002,"upper_bound":1723228967.02},"point_estimate":1717066576.26,"standard_error":3214223.2186809657},"median":{"confidence_interval":{"confidence_level":0.95,"lower_bound":1722113512.5,"upper_bound":1731209398.5},"point_estimate":1727143843.5,"standard_error":2705432.708096446},"median_abs_dev":{"confidence_interval":{"confidence_level":0.95,"lower_bound":15750813.724467158,"upper_bound":32847252.2349447},"point_estimate":23509161.53512895,"standard_error":4051707.6524559953},"slope":null,"std_dev":{"confidence_interval":{"confidence_level":0.95,"lower_bound":27810772.684669208,"upper_bound":36191184.26711689},"point_estimate":32472907.748077862,"standard_error":2149407.158899464}}