{"mean":{"confidence_interval":{"confidence_level":0.95,"lower_bound":110779113.00125001,"upper_bound":111913502.19},"point_estimate":111336733.84,"standard_error":290023.4970810444},"median":{"confidence_interval":{"confidence_level":0.95,"lower_bound":109274099.5,"upper_bound":111691085.0},"point_estimate":110146256.5,"standard_error":654826.0962959239},"median_abs_dev":{"confidence_interval":{"confidence_level":0.95,"lower_bound":1422571.7246443033,"upper_bound":4072828.1486928463},"point_estimate":2627003.326061368,"standard_error":761964.607501111},"slope":null,"std_dev":{"confidence_interval":{"confidence_level":0.95,"lower_bound":2624163.457236633,"upper_bound":3159783.2925979896},"point_estimate":2921512.72595208,"standard_error":136321.66049892164}}