{"mean":{"confidence_interval":{"confidence_level":0.95,"lower_bound":5791909602.0315,"upper_bound":5857418648.70125},"point_estimate":5822156376.77,"standard_error":16729004.07309531},"median":{"confidence_interval":{"confidence_level":0.95,"lower_bound":5768966797.0,"upper_bound":5820676030.0},"point_estimate":5796640829.0,"standard_error":12869531.618114809},"median_abs_dev":{"confidence_interval":{"confidence_level":0.95,"lower_bound":110493936.46951053,"upper_bound":189236904.19867337},"point_estimate":159736088.40961754,"standard_error":19414595.584406115},"slope":null,"std_dev":{"confidence_interval":{"confidence_level":0.95,"lower_bound":112879312.58346884,"upper_bound":234248052.98597208},"point_estimate":167870489.9543931,"standard_error":36915492.728913195}}