{"mean":{"confidence_interval":{"confidence_level":0.95,"lower_bound":14480362.764687499,"upper_bound":15543419.769187499},"point_estimate":15025424.8125,"standard_error":273294.4923410772},"median":{"confidence_interval":{"confidence_level":0.95,"lower_bound":15198237.75,"upper_bound":16103549.75},"point_estimate":15700424.25,"standard_error":205462.47061429906},"median_abs_dev":{"confidence_interval":{"confidence_level":0.95,"lower_bound":1371241.3522131003,"upper_bound":2541820.7298986614},"point_estimate":1944678.2009750605,"standard_error":312681.7504878741},"slope":null,"std_dev":{"confidence_interval":{"confidence_level":0.95,"lower_bound":2292273.423306335,"upper_bound":3088891.138768605},"point_estimate":2734140.004611108,"standard_error":203434.87669166134}}