{"mean":{"confidence_interval":{"confidence_level":0.95,"lower_bound":-0.023249415336979086,"upper_bound":0.0017379153561384384},"point_estimate":-0.011171097092685045,"standard_error":0.006347851280105493},"median":{"confidence_interval":{"confidence_level":0.95,"lower_bound":-0.030050782936266618,"upper_bound":-0.0011907105951978192},"point_estimate":-0.018377405230542543,"standard_error":0.0071033119166217}}