{"mean":{"confidence_interval":{"confidence_level":0.95,"lower_bound":4960061.100049998,"upper_bound":5171709.694999998},"point_estimate":5054230.855999997,"standard_error":54442.89213978204},"median":{"confidence_interval":{"confidence_level":0.95,"lower_bound":4905832.05,"upper_bound":5022491.9},"point_estimate":4947151.95,"standard_error":28180.94543074504},"median_abs_dev":{"confidence_interval":{"confidence_level":0.95,"lower_bound":156283.08712542127,"upper_bound":235949.4106310602},"point_estimate":196732.1950373051,"standard_error":20423.247780596215},"slope":null,"std_dev":{"confidence_interval":{"confidence_level":0.95,"lower_bound":233200.6981412012,"upper_bound":767002.1647053593},"point_estimate":547447.0375373948,"standard_error":130861.53775122145}}