{"mean":{"confidence_interval":{"confidence_level":0.95,"lower_bound":-0.10917828237909921,"upper_bound":-0.08549756725028057},"point_estimate":-0.09849107016632197,"standard_error":0.006133984868400465},"median":{"confidence_interval":{"confidence_level":0.95,"lower_bound":-0.10947562015255152,"upper_bound":-0.09613354324503298},"point_estimate":-0.10424060902382237,"standard_error":0.0036059342964001218}}