{"mean":{"confidence_interval":{"confidence_level":0.95,"lower_bound":0.040099342277606954,"upper_bound":0.04934935701239917},"point_estimate":0.0445453896121184,"standard_error":0.0023879569644497983},"median":{"confidence_interval":{"confidence_level":0.95,"lower_bound":0.03853522650083718,"upper_bound":0.04814152663094884},"point_estimate":0.0444894665601645,"standard_error":0.002456080066889294}}