{"mean":{"confidence_interval":{"confidence_level":0.95,"lower_bound":13229316.241375,"upper_bound":13282208.789375},"point_estimate":13255556.2175,"standard_error":13487.436159734243},"median":{"confidence_interval":{"confidence_level":0.95,"lower_bound":13214562.875,"upper_bound":13280148.25},"point_estimate":13241613.75,"standard_error":17854.988601597408},"median_abs_dev":{"confidence_interval":{"confidence_level":0.95,"lower_bound":111056.74557834864,"upper_bound":185200.0876620412},"point_estimate":147842.27482527494,"standard_error":19390.550204962652},"slope":null,"std_dev":{"confidence_interval":{"confidence_level":0.95,"lower_bound":117925.71222473681,"upper_bound":151023.27398949768},"point_estimate":135855.63336273906,"standard_error":8436.96056841049}}