{"mean":{"confidence_interval":{"confidence_level":0.95,"lower_bound":4076340.4577115383,"upper_bound":4106165.4335769233},"point_estimate":4089717.363076925,"standard_error":7631.78361467985},"median":{"confidence_interval":{"confidence_level":0.95,"lower_bound":4065784.423076923,"upper_bound":4082965.307692308},"point_estimate":4075198.807692308,"standard_error":4850.151605836032},"median_abs_dev":{"confidence_interval":{"confidence_level":0.95,"lower_bound":28603.459153725576,"upper_bound":50957.987510699066},"point_estimate":39550.00796707827,"standard_error":5994.443593622125},"slope":null,"std_dev":{"confidence_interval":{"confidence_level":0.95,"lower_bound":40145.06922845412,"upper_bound":112126.5976983237},"point_estimate":76403.95183304217,"standard_error":19585.900317572858}}