{"mean":{"confidence_interval":{"confidence_level":0.95,"lower_bound":9943257.366749998,"upper_bound":10003327.780549994},"point_estimate":9971948.839999996,"standard_error":15278.4967508697},"median":{"confidence_interval":{"confidence_level":0.95,"lower_bound":9880899.8,"upper_bound":9957018.7},"point_estimate":9912893.2,"standard_error":17459.163489424034},"median_abs_dev":{"confidence_interval":{"confidence_level":0.95,"lower_bound":58007.168750165234,"upper_bound":139524.07354295143},"point_estimate":103004.96751129544,"standard_error":19724.02017681923},"slope":null,"std_dev":{"confidence_interval":{"confidence_level":0.95,"lower_bound":118523.26254425499,"upper_bound":186794.1923270644},"point_estimate":153486.9715232276,"standard_error":17450.542493034573}}