{"mean":{"confidence_interval":{"confidence_level":0.95,"lower_bound":2546218.4349999996,"upper_bound":2674093.53},"point_estimate":2604066.4989999994,"standard_error":32863.25940470096},"median":{"confidence_interval":{"confidence_level":0.95,"lower_bound":2516247.2,"upper_bound":2577969.325},"point_estimate":2534108.975,"standard_error":21504.52178673229},"median_abs_dev":{"confidence_interval":{"confidence_level":0.95,"lower_bound":91528.6800250411,"upper_bound":157569.90977257516},"point_estimate":122447.89476111544,"standard_error":16088.93502832924},"slope":null,"std_dev":{"confidence_interval":{"confidence_level":0.95,"lower_bound":146868.9307093866,"upper_bound":458884.99161854305},"point_estimate":327172.15332262503,"standard_error":76587.06612864892}}