{"mean":{"confidence_interval":{"confidence_level":0.95,"lower_bound":17123026.227250002,"upper_bound":17209005.14083333},"point_estimate":17164149.636666667,"standard_error":21886.64692933157},"median":{"confidence_interval":{"confidence_level":0.95,"lower_bound":17040580.166666664,"upper_bound":17136202.0},"point_estimate":17075257.333333332,"standard_error":26318.90879209631},"median_abs_dev":{"confidence_interval":{"confidence_level":0.95,"lower_bound":95791.09935187353,"upper_bound":208947.75629043396},"point_estimate":141766.70368313882,"standard_error":31080.91617369257},"slope":null,"std_dev":{"confidence_interval":{"confidence_level":0.95,"lower_bound":171444.39371696717,"upper_bound":271161.7407223694},"point_estimate":219784.97100754658,"standard_error":25911.520991622212}}