{"mean":{"confidence_interval":{"confidence_level":0.95,"lower_bound":113128.70339060573,"upper_bound":116098.36624770504},"point_estimate":114511.5865768288,"standard_error":761.4898593483113},"median":{"confidence_interval":{"confidence_level":0.95,"lower_bound":111577.1045751634,"upper_bound":113438.42753623189},"point_estimate":112276.2311827957,"standard_error":435.24827498963566},"median_abs_dev":{"confidence_interval":{"confidence_level":0.95,"lower_bound":1973.9985768438053,"upper_bound":3585.8679880013024},"point_estimate":2635.7751562611897,"standard_error":404.0146874614898},"slope":{"confidence_interval":{"confidence_level":0.95,"lower_bound":113466.42672152001,"upper_bound":116349.55737648158},"point_estimate":114806.9573548101,"standard_error":738.2563267547473},"std_dev":{"confidence_interval":{"confidence_level":0.95,"lower_bound":4806.831759522198,"upper_bound":10179.513384640284},"point_estimate":7640.035408807567,"standard_error":1378.6354881259858}}