{"mean":{"confidence_interval":{"confidence_level":0.95,"lower_bound":13275225.135,"upper_bound":13431329.1486875},"point_estimate":13352029.745,"standard_error":39788.12626530342},"median":{"confidence_interval":{"confidence_level":0.95,"lower_bound":13236677.5,"upper_bound":13504889.25},"point_estimate":13451621.125,"standard_error":57544.25338103168},"median_abs_dev":{"confidence_interval":{"confidence_level":0.95,"lower_bound":248795.47223299742,"upper_bound":492177.4159871042},"point_estimate":370498.3975723386,"standard_error":64179.98092464052},"slope":null,"std_dev":{"confidence_interval":{"confidence_level":0.95,"lower_bound":329450.34540297545,"upper_bound":477865.6591101297},"point_estimate":400848.4601029141,"standard_error":38696.30773422032}}