{"mean":{"confidence_interval":{"confidence_level":0.95,"lower_bound":11224291.811999999,"upper_bound":11288179.873999994},"point_estimate":11255274.685999999,"standard_error":16335.837839971477},"median":{"confidence_interval":{"confidence_level":0.95,"lower_bound":11172249.8,"upper_bound":11282911.4},"point_estimate":11214328.3,"standard_error":33844.994738693465},"median_abs_dev":{"confidence_interval":{"confidence_level":0.95,"lower_bound":122458.3100259304,"upper_bound":196984.45942282566},"point_estimate":145484.12543714073,"standard_error":18695.395957223172},"slope":null,"std_dev":{"confidence_interval":{"confidence_level":0.95,"lower_bound":135755.25290362077,"upper_bound":191713.06588734078},"point_estimate":164447.99867827978,"standard_error":14414.50823030231}}