{"mean":{"confidence_interval":{"confidence_level":0.95,"lower_bound":0.02293837412277596,"upper_bound":0.02921086299196074},"point_estimate":0.026117234927504507,"standard_error":0.001599724993762653},"median":{"confidence_interval":{"confidence_level":0.95,"lower_bound":0.02427537608435726,"upper_bound":0.030276474678140354},"point_estimate":0.02669935615241026,"standard_error":0.0014323817555493591}}