{"mean":{"confidence_interval":{"confidence_level":0.95,"lower_bound":-0.015129618981631187,"upper_bound":-0.009076450791869905},"point_estimate":-0.012120157921396757,"standard_error":0.0015442423034869516},"median":{"confidence_interval":{"confidence_level":0.95,"lower_bound":-0.014742226593321694,"upper_bound":-0.010275633824972985},"point_estimate":-0.013025402967469013,"standard_error":0.0011856503794649975}}