{"mean":{"confidence_interval":{"confidence_level":0.95,"lower_bound":110649176.23,"upper_bound":111412735.5},"point_estimate":111014210.67,"standard_error":195766.2570222921},"median":{"confidence_interval":{"confidence_level":0.95,"lower_bound":110303080.0,"upper_bound":110948191.0},"point_estimate":110596671.0,"standard_error":140198.98706784451},"median_abs_dev":{"confidence_interval":{"confidence_level":0.95,"lower_bound":1049398.3460694551,"upper_bound":2182747.4330484867},"point_estimate":1586572.4859327078,"standard_error":296115.9870633892},"slope":null,"std_dev":{"confidence_interval":{"confidence_level":0.95,"lower_bound":1561638.628779013,"upper_bound":2328922.0291685746},"point_estimate":1962931.1038243119,"standard_error":196175.1929275788}}