{"mean":{"confidence_interval":{"confidence_level":0.95,"lower_bound":-0.06181696996896346,"upper_bound":-0.05101611698349127},"point_estimate":-0.05662683258522194,"standard_error":0.002746509591840207},"median":{"confidence_interval":{"confidence_level":0.95,"lower_bound":-0.06535220886908184,"upper_bound":-0.059187443790332916},"point_estimate":-0.06244558056188765,"standard_error":0.0015332256336683954}}