{"mean":{"confidence_interval":{"confidence_level":0.95,"lower_bound":0.0269778703743888,"upper_bound":0.03881635877792928},"point_estimate":0.03309821494308851,"standard_error":0.0030130297433701545},"median":{"confidence_interval":{"confidence_level":0.95,"lower_bound":0.03246247673964691,"upper_bound":0.04767811066146166},"point_estimate":0.04083218767426122,"standard_error":0.0038327915555057654}}