{"mean":{"confidence_interval":{"confidence_level":0.95,"lower_bound":5158362.889700003,"upper_bound":5195546.561000002},"point_estimate":5176308.986000002,"standard_error":9477.558055810687},"median":{"confidence_interval":{"confidence_level":0.95,"lower_bound":5122687.6,"upper_bound":5171849.9},"point_estimate":5139852.8,"standard_error":11866.238667171874},"median_abs_dev":{"confidence_interval":{"confidence_level":0.95,"lower_bound":48138.01963537987,"upper_bound":97120.00930577489},"point_estimate":71335.07534354938,"standard_error":11573.175432223803},"slope":null,"std_dev":{"confidence_interval":{"confidence_level":0.95,"lower_bound":78017.7947026034,"upper_bound":111154.15134692419},"point_estimate":95673.7930264663,"standard_error":8477.756235851592}}