{"mean":{"confidence_interval":{"confidence_level":0.95,"lower_bound":15194783.723875,"upper_bound":16262810.6345625},"point_estimate":15744436.8625,"standard_error":272567.5579354646},"median":{"confidence_interval":{"confidence_level":0.95,"lower_bound":15859514.0,"upper_bound":16756381.25},"point_estimate":16107959.375,"standard_error":206120.38219275858},"median_abs_dev":{"confidence_interval":{"confidence_level":0.95,"lower_bound":1168830.3035322395,"upper_bound":2083469.3882860243},"point_estimate":1468449.1129048169,"standard_error":237223.454620111},"slope":null,"std_dev":{"confidence_interval":{"confidence_level":0.95,"lower_bound":2216923.5105825593,"upper_bound":3151779.2833973602},"point_estimate":2731214.591780705,"standard_error":239302.72052587956}}