{"mean":{"confidence_interval":{"confidence_level":0.95,"lower_bound":65006.08657254631,"upper_bound":66321.55838701598},"point_estimate":65633.55336085553,"standard_error":338.6190838141623},"median":{"confidence_interval":{"confidence_level":0.95,"lower_bound":63841.74166666667,"upper_bound":64476.42916666667},"point_estimate":64106.81915543576,"standard_error":178.64652220617015},"median_abs_dev":{"confidence_interval":{"confidence_level":0.95,"lower_bound":820.4335465296917,"upper_bound":1623.8119937229424},"point_estimate":1142.5622211200832,"standard_error":211.996938302971},"slope":{"confidence_interval":{"confidence_level":0.95,"lower_bound":66622.4980495989,"upper_bound":68800.1619910262},"point_estimate":67779.15770040885,"standard_error":556.4034905295299},"std_dev":{"confidence_interval":{"confidence_level":0.95,"lower_bound":2777.8984290405433,"upper_bound":3864.5247512015403},"point_estimate":3390.3935577301763,"standard_error":277.34502941449284}}