{"mean":{"confidence_interval":{"confidence_level":0.95,"lower_bound":102728.58657325347,"upper_bound":104376.40619405836},"point_estimate":103546.31340145893,"standard_error":419.7926861005274},"median":{"confidence_interval":{"confidence_level":0.95,"lower_bound":102716.79131603552,"upper_bound":103945.5375},"point_estimate":103371.85518688025,"standard_error":350.0213222322254},"median_abs_dev":{"confidence_interval":{"confidence_level":0.95,"lower_bound":2302.176280116648,"upper_bound":4021.1162356717914},"point_estimate":3045.188696526367,"standard_error":440.7023578920045},"slope":{"confidence_interval":{"confidence_level":0.95,"lower_bound":102872.21501841747,"upper_bound":104202.482291795},"point_estimate":103520.69261888578,"standard_error":339.7572343714716},"std_dev":{"confidence_interval":{"confidence_level":0.95,"lower_bound":3354.687976623631,"upper_bound":5037.295096172692},"point_estimate":4231.177518692777,"standard_error":428.46787858833227}}