{"mean":{"confidence_interval":{"confidence_level":0.95,"lower_bound":59276679.49,"upper_bound":59544300.319249995},"point_estimate":59406561.77,"standard_error":68027.54083205482},"median":{"confidence_interval":{"confidence_level":0.95,"lower_bound":59128821.5,"upper_bound":59510175.0},"point_estimate":59316773.5,"standard_error":94096.21089878249},"median_abs_dev":{"confidence_interval":{"confidence_level":0.95,"lower_bound":459021.8474507332,"upper_bound":670355.3541988134},"point_estimate":574610.5304986238,"standard_error":53394.6741564366},"slope":null,"std_dev":{"confidence_interval":{"confidence_level":0.95,"lower_bound":509728.552201395,"upper_bound":854499.1256434293},"point_estimate":682306.1757308975,"standard_error":89995.68754588491}}