{"mean":{"confidence_interval":{"confidence_level":0.95,"lower_bound":311155.71246314363,"upper_bound":312222.82939944754},"point_estimate":311685.159928631,"standard_error":273.48128049878653},"median":{"confidence_interval":{"confidence_level":0.95,"lower_bound":310119.05056179775,"upper_bound":312307.55},"point_estimate":311528.6766304348,"standard_error":605.7937119752524},"median_abs_dev":{"confidence_interval":{"confidence_level":0.95,"lower_bound":2282.4817405589297,"upper_bound":3733.646142704397},"point_estimate":3267.8828926591723,"standard_error":362.6175577885494},"slope":{"confidence_interval":{"confidence_level":0.95,"lower_bound":310259.8707550859,"upper_bound":311754.16763479763},"point_estimate":310989.51724841143,"standard_error":381.1713673852257},"std_dev":{"confidence_interval":{"confidence_level":0.95,"lower_bound":2441.343216145968,"upper_bound":3031.578011727543},"point_estimate":2759.0355673977742,"standard_error":150.41253844231667}}