{"mean":{"confidence_interval":{"confidence_level":0.95,"lower_bound":2499313.517500001,"upper_bound":2668373.1470000003},"point_estimate":2576377.3015000005,"standard_error":43447.99529886878},"median":{"confidence_interval":{"confidence_level":0.95,"lower_bound":2443315.2,"upper_bound":2515645.9},"point_estimate":2473897.275,"standard_error":20533.677951823185},"median_abs_dev":{"confidence_interval":{"confidence_level":0.95,"lower_bound":96925.49218922867,"upper_bound":167241.20592087493},"point_estimate":142321.2578482926,"standard_error":16599.511614297462},"slope":null,"std_dev":{"confidence_interval":{"confidence_level":0.95,"lower_bound":250896.83248171108,"upper_bound":578578.6279283211},"point_estimate":435738.46246112976,"standard_error":83464.39024632376}}