{"mean":{"confidence_interval":{"confidence_level":0.95,"lower_bound":-0.005762479135258796,"upper_bound":0.008266563668640948},"point_estimate":0.0015641307417630923,"standard_error":0.003580658020803665},"median":{"confidence_interval":{"confidence_level":0.95,"lower_bound":0.010852584962726529,"upper_bound":0.0209655522702612},"point_estimate":0.017705048775012777,"standard_error":0.002509091275991209}}