{"mean":{"confidence_interval":{"confidence_level":0.95,"lower_bound":10416363.899099996,"upper_bound":10443111.412499998},"point_estimate":10429415.438000001,"standard_error":6830.2274568420435},"median":{"confidence_interval":{"confidence_level":0.95,"lower_bound":10398551.6,"upper_bound":10442663.8},"point_estimate":10422584.2,"standard_error":12661.29014814983},"median_abs_dev":{"confidence_interval":{"confidence_level":0.95,"lower_bound":58936.758933664474,"upper_bound":95712.20650076866},"point_estimate":82463.98965597042,"standard_error":9555.979818339443},"slope":null,"std_dev":{"confidence_interval":{"confidence_level":0.95,"lower_bound":58582.31849161159,"upper_bound":77386.23641574744},"point_estimate":68318.01250877301,"standard_error":4847.61258739373}}