{"mean":{"confidence_interval":{"confidence_level":0.95,"lower_bound":12771177.577499999,"upper_bound":12856214.55075},"point_estimate":12812044.03,"standard_error":21643.142442883476},"median":{"confidence_interval":{"confidence_level":0.95,"lower_bound":12718314.25,"upper_bound":12792834.75},"point_estimate":12770504.875,"standard_error":20489.461773312145},"median_abs_dev":{"confidence_interval":{"confidence_level":0.95,"lower_bound":104810.92253923416,"upper_bound":193248.89126289633},"point_estimate":152313.24037089944,"standard_error":23734.23269146106},"slope":null,"std_dev":{"confidence_interval":{"confidence_level":0.95,"lower_bound":167119.29819014037,"upper_bound":258477.30480411317},"point_estimate":216846.9900803838,"standard_error":23329.819242166617}}