{"mean":{"confidence_interval":{"confidence_level":0.95,"lower_bound":5665555.081722223,"upper_bound":5696470.237611111},"point_estimate":5680348.232222226,"standard_error":7895.652710634366},"median":{"confidence_interval":{"confidence_level":0.95,"lower_bound":5644138.444444444,"upper_bound":5679366.388888889},"point_estimate":5662534.388888889,"standard_error":8301.391844914588},"median_abs_dev":{"confidence_interval":{"confidence_level":0.95,"lower_bound":47903.05224955128,"upper_bound":84119.4875557478},"point_estimate":61512.249241272686,"standard_error":9774.559102570614},"slope":null,"std_dev":{"confidence_interval":{"confidence_level":0.95,"lower_bound":60072.86245911029,"upper_bound":99934.82035432039},"point_estimate":79254.9833712004,"standard_error":10502.406631557109}}