{"mean":{"confidence_interval":{"confidence_level":0.95,"lower_bound":5711730.578444446,"upper_bound":5741462.138138891},"point_estimate":5725985.1644444475,"standard_error":7602.793518558222},"median":{"confidence_interval":{"confidence_level":0.95,"lower_bound":5690075.888888889,"upper_bound":5707950.166666667},"point_estimate":5697486.444444444,"standard_error":4211.136723966845},"median_abs_dev":{"confidence_interval":{"confidence_level":0.95,"lower_bound":29533.638575672874,"upper_bound":64509.48982139421},"point_estimate":47338.0169262481,"standard_error":9454.48562107761},"slope":null,"std_dev":{"confidence_interval":{"confidence_level":0.95,"lower_bound":56747.54632713218,"upper_bound":94645.07186072606},"point_estimate":76074.77701910086,"standard_error":9805.858296557075}}