{"mean":{"confidence_interval":{"confidence_level":0.95,"lower_bound":-0.06361651761949426,"upper_bound":0.04331198906420433},"point_estimate":-0.013351914807100074,"standard_error":0.027134876383363177},"median":{"confidence_interval":{"confidence_level":0.95,"lower_bound":-0.037501524325502134,"upper_bound":0.009779859332905927},"point_estimate":-0.013253757137456468,"standard_error":0.012289215791050342}}